Word,Score,Source,SourceReal
K R,1,1,Scholes
G R,1,1,Scholes
K L,1,1,Scholes
S T,1,1,Scholes
S M,0.96969697,1,Scholes
P R,0.96969697,1,Scholes
T R,0.939393939,1,Scholes
D R,0.939393939,1,Scholes
B L,0.939393939,1,Scholes
F L,0.939393939,1,Scholes
S L,0.939393939,1,Scholes
B R,0.878787879,1,Scholes
F R,0.878787879,1,Scholes
S P,0.878787879,1,Scholes
P L,0.848484848,1,Scholes
S N,0.848484848,1,Scholes
M R,0.818181818,1,Scholes
SH R,0.818181818,1,Scholes
G L,0.818181818,1,Scholes
SH L,0.666666667,1,Scholes
S K,0.606060606,1,Scholes
V R,0.575757576,1,Scholes
S R,0.454545455,1,Scholes
V L,0.424242424,1,Scholes
M L,0.393939394,1,Scholes
F P,0.393939394,1,Scholes
SH T,0.393939394,1,Scholes
ZH R,0.333333333,1,Scholes
F SH,0.333333333,1,Scholes
SH N,0.303030303,1,Scholes
F T,0.303030303,1,Scholes
N R,0.242424242,1,Scholes
Z R,0.242424242,1,Scholes
SH M,0.212121212,1,Scholes
S F,0.212121212,1,Scholes
F S,0.181818182,1,Scholes
Z L,0.181818182,1,Scholes
Z T,0.181818182,1,Scholes
V Z,0.181818182,1,Scholes
ZH L,0.151515152,1,Scholes
SH F,0.151515152,1,Scholes
Z N,0.121212121,1,Scholes
F N,0.090909091,1,Scholes
V T,0.090909091,1,Scholes
Z V,0.090909091,1,Scholes
F K,0.090909091,1,Scholes
F M,0.060606061,1,Scholes
Z M,0.060606061,1,Scholes
ZH M,0.060606061,1,Scholes
SH P,0.060606061,1,Scholes
V M,0.03030303,1,Scholes
V N,0.03030303,1,Scholes
Z P,0.03030303,1,Scholes
ZH P,0.03030303,1,Scholes
ZH T,0.03030303,1,Scholes
SH K,0.03030303,1,Scholes
ZH K,0.03030303,1,Scholes
ZH N,0,1,Scholes
V P,0,1,Scholes
ZH V,0,1,Scholes
V K,0,1,Scholes
Z K,0,1,Scholes
P W AH D Z,0.591,2,AH_2003
P L AO N TH,0.854,2,AH_2003
S P R AA R F,0.746,2,AH_2003
S M IY N TH,0.718,2,AH_2003
TH EY P T,0.841,2,AH_2003
S M IY L TH,0.881,2,AH_2003
TH W IY K S,0.957,2,AH_2003
P L OW M F,0.876,2,AH_2003
S M AY R G,0.951,2,AH_2003
TH R OY K S,1.047,2,AH_2003
S M AY R F,0.912,2,AH_2003
K R IH L G,0.969,2,AH_2003
T R IH L B,1.04,2,AH_2003
F R IH L G,1.008,2,AH_2003
S K L UW N D,1.099,2,AH_2003
P W IH P,1.103,2,AH_2003
S F UW N D,1.154,2,AH_2003
SH W OW JH,1.021,2,AH_2003
R AY N T,1.066,2,AH_2003
S M EY R G,1.086,2,AH_2003
S N OY K S,1.123,2,AH_2003
T W UW,1.238,2,AH_2003
S M AH M,1.212,2,AH_2003
G W EH N JH,1.322,2,AH_2003
SH R UH K S,1.346,2,AH_2003
N AH NG,1.239,2,AH_2003
S K W AA L K,1.27,2,AH_2003
Z EY P S,1.35,2,AH_2003
CH UW L,1.342,2,AH_2003
SH AY N T,1.342,2,AH_2003
B L IH G,1.381,2,AH_2003
S K OY L,1.567,2,AH_2003
B R EH JH,1.55,2,AH_2003
K W IY D,1.574,2,AH_2003
D R AY S,1.512,2,AH_2003
S K IH K,1.571,2,AH_2003
F L IH JH,1.51,2,AH_2003
S K R AY D,1.653,2,AH_2003
F L EH T,1.595,2,AH_2003
Z AY,1.68,2,AH_2003
D R IH T,1.611,2,AH_2003
F L IY P,1.685,2,AH_2003
B L EY F,1.666,2,AH_2003
G EH Z,1.648,2,AH_2003
N OW L D,1.589,2,AH_2003
K AY V,1.607,2,AH_2003
G UW D,1.739,2,AH_2003
P L IH M,1.757,2,AH_2003
B AY Z,1.849,2,AH_2003
CH IH N D,1.717,2,AH_2003
G R EH L,1.833,2,AH_2003
T EH SH,1.851,2,AH_2003
G L IH P,1.794,2,AH_2003
L AH M,1.91,2,AH_2003
P AH M,1.944,2,AH_2003
S P L IH NG,1.85,2,AH_2003
D AY Z,1.944,2,AH_2003
T AH NG K,1.928,2,AH_2003
S K W IH L,1.946,2,AH_2003
T IY P,1.854,2,AH_2003
SH IH L K,1.925,2,AH_2003
P R EY K,1.998,2,AH_2003
N EY S,1.965,2,AH_2003
G EY R,2.054,2,AH_2003
SH ER N,2.023,2,AH_2003
T AA R K,2.057,2,AH_2003
D EY P,2.041,2,AH_2003
S K EH L,2.065,2,AH_2003
G R AY N T,2.037,2,AH_2003
S P AE K,2.078,2,AH_2003
T R IH S K,2.08,2,AH_2003
CH EY K,2.034,2,AH_2003
G L IY D,2.06,2,AH_2003
R AE S K,2.059,2,AH_2003
S N EH L,2.171,2,AH_2003
G L IH T,2.075,2,AH_2003
S T IH N,2.144,2,AH_2003
P L EY K,2.165,2,AH_2003
M ER N,2.225,2,AH_2003
M IH P,2.227,2,AH_2003
R AY F,2.248,2,AH_2003
S T IH P,2.226,2,AH_2003
P AE NG K,2.302,2,AH_2003
P IH N T,2.265,2,AH_2003
S T AY R,2.248,2,AH_2003
W IH S,2.357,2,AH_2003
S L EY M,2.379,2,AH_2003
D W OW JH,0.873,2,AH_2003
B AE L,0.151560639,3,JLHW_Canaan
B AE P,0.699877522,3,JLHW_Canaan
B AH L,-5.87E-04,3,JLHW_Canaan
B AO CH,-0.244954354,3,JLHW_Canaan
B AO TH,-0.334468237,3,JLHW_Canaan
B AW JH,-0.194125019,3,JLHW_Canaan
B AY N,0.969363282,3,JLHW_Canaan
B AY S,0.45705902,3,JLHW_Canaan
B ER S,0.724519374,3,JLHW_Canaan
B IH K F,-1.262770113,3,JLHW_Canaan
B IH M F,-0.932244272,3,JLHW_Canaan
B IH S,0.630422901,3,JLHW_Canaan
B IY L,0.528069008,3,JLHW_Canaan
B IY S,0.377210954,3,JLHW_Canaan
B R EH L,0.845844558,3,JLHW_Canaan
B W EH L,-0.328565913,3,JLHW_Canaan
CH AH CH,0.05067545,3,JLHW_Canaan
CH AH JH,0.267935006,3,JLHW_Canaan
CH AH N,0.34582426,3,JLHW_Canaan
CH AH SH,-0.517778579,3,JLHW_Canaan
CH AH Z,-0.206524382,3,JLHW_Canaan
CH AO B,-0.566228856,3,JLHW_Canaan
CH AO CH,-0.977677896,3,JLHW_Canaan
CH AO D,-0.286642142,3,JLHW_Canaan
CH AO G,-0.152256857,3,JLHW_Canaan
CH AO NG,-0.792835253,3,JLHW_Canaan
CH AO SH,-0.49054507,3,JLHW_Canaan
CH AO TH,-0.341604797,3,JLHW_Canaan
CH AO Z,-0.316125707,3,JLHW_Canaan
CH AY B,0.572763692,3,JLHW_Canaan
CH AY DH,-0.657702195,3,JLHW_Canaan
CH AY N,0.990362958,3,JLHW_Canaan
CH AY Z,0.039011941,3,JLHW_Canaan
CH EH N,0.260553726,3,JLHW_Canaan
CH ER G,-0.367132581,3,JLHW_Canaan
CH ER JH,-0.798100803,3,JLHW_Canaan
CH ER TH,-0.410141192,3,JLHW_Canaan
CH ER Z,-0.848613585,3,JLHW_Canaan
CH EY DH,-0.733620429,3,JLHW_Canaan
CH EY G,-0.621879016,3,JLHW_Canaan
CH EY JH,-0.738692653,3,JLHW_Canaan
CH EY TH,-0.175477248,3,JLHW_Canaan
CH EY ZH,-1.115460572,3,JLHW_Canaan
CH IH S,0.32685211,3,JLHW_Canaan
CH IY DH,-0.969210711,3,JLHW_Canaan
CH IY N,-0.006309464,3,JLHW_Canaan
CH IY SH,-0.043534339,3,JLHW_Canaan
CH UW DH,-0.628667436,3,JLHW_Canaan
CH UW SH,-0.4314941,3,JLHW_Canaan
CH UW TH,-0.217955155,3,JLHW_Canaan
CH UW V,-0.224085636,3,JLHW_Canaan
CH UW ZH,-0.821056218,3,JLHW_Canaan
D AE L,0.294674777,3,JLHW_Canaan
D AE S,0.359907143,3,JLHW_Canaan
D AH S,0.333676814,3,JLHW_Canaan
D AO TH,-0.051012978,3,JLHW_Canaan
D AY P,0.818346439,3,JLHW_Canaan
D AY T,0.262148675,3,JLHW_Canaan
D EH M,0.93120377,3,JLHW_Canaan
D EH P,0.75138147,3,JLHW_Canaan
D EH S,0.509696994,3,JLHW_Canaan
D ER S,0.042059014,3,JLHW_Canaan
D IH DH,-1.028065253,3,JLHW_Canaan
D IH JH,0.108172105,3,JLHW_Canaan
D IH T,0.854037295,3,JLHW_Canaan
D IH TH,-0.061055132,3,JLHW_Canaan
D IH V,0.317206366,3,JLHW_Canaan
D IH Z,0.303011262,3,JLHW_Canaan
D IH ZH,-0.999048035,3,JLHW_Canaan
D IY K,0.673112511,3,JLHW_Canaan
D IY S,-0.068910965,3,JLHW_Canaan
D IY T,0.924943135,3,JLHW_Canaan
DH AH CH,-0.702029404,3,JLHW_Canaan
DH AH D,-0.275776656,3,JLHW_Canaan
DH AH G,-0.464521848,3,JLHW_Canaan
DH AH SH,-0.698234477,3,JLHW_Canaan
DH AH V,-1.440010379,3,JLHW_Canaan
DH AH ZH,-1.281075021,3,JLHW_Canaan
DH AY B,-0.84162689,3,JLHW_Canaan
DH AY DH,-1.243214245,3,JLHW_Canaan
DH AY M,-0.64403746,3,JLHW_Canaan
DH AY P,-0.777005075,3,JLHW_Canaan
DH AY V,0.174841975,3,JLHW_Canaan
DH IY CH,-1.220663123,3,JLHW_Canaan
DH IY DH,-1.46011919,3,JLHW_Canaan
DH IY G,-0.871100106,3,JLHW_Canaan
DH IY SH,-0.872385057,3,JLHW_Canaan
DH IY TH,-1.118875872,3,JLHW_Canaan
EH S G ER,-0.441232219,3,JLHW_Canaan
EH Z G ER,-0.659983617,3,JLHW_Canaan
F AE L,0.558412305,3,JLHW_Canaan
F AE S,0.635225345,3,JLHW_Canaan
F AH L,1.256349278,3,JLHW_Canaan
F AW JH,-0.49632575,3,JLHW_Canaan
F AY DH,-0.63120965,3,JLHW_Canaan
F AY K,0.457337761,3,JLHW_Canaan
F EH K,0.726962107,3,JLHW_Canaan
F EH S,1.139875561,3,JLHW_Canaan
F ER S,0.391739498,3,JLHW_Canaan
F ER T,0.377731461,3,JLHW_Canaan
F IH K,0.88706683,3,JLHW_Canaan
F IH S,0.522798961,3,JLHW_Canaan
F IY K,-0.006470571,3,JLHW_Canaan
F IY N,0.6859324,3,JLHW_Canaan
F IY S,0.523640794,3,JLHW_Canaan
F UW DH,-0.65716394,3,JLHW_Canaan
F UW SH,-0.16345337,3,JLHW_Canaan
F UW TH,-0.518545818,3,JLHW_Canaan
F UW V,-0.521718205,3,JLHW_Canaan
F UW ZH,-0.928895273,3,JLHW_Canaan
G AE N,0.48052666,3,JLHW_Canaan
G AO B,-0.283301808,3,JLHW_Canaan
G AO CH,-0.367217479,3,JLHW_Canaan
G AO TH,0.446061241,3,JLHW_Canaan
G AW CH,0.416172782,3,JLHW_Canaan
G AW D,0.15919376,3,JLHW_Canaan
G AW R,-0.364780299,3,JLHW_Canaan
G AW TH,0.053984046,3,JLHW_Canaan
G AW Z,0.035210781,3,JLHW_Canaan
G AY B,0.228912522,3,JLHW_Canaan
G AY DH,-0.563009832,3,JLHW_Canaan
G AY N,0.284710412,3,JLHW_Canaan
G EH N,0.052271345,3,JLHW_Canaan
G ER G,-0.476687194,3,JLHW_Canaan
G EY S,0.462728874,3,JLHW_Canaan
G EY ZH,-0.609879718,3,JLHW_Canaan
G IH N,0.723023577,3,JLHW_Canaan
G IH S,0.399001003,3,JLHW_Canaan
G IY CH,0.048417112,3,JLHW_Canaan
G IY DH,-1.009113266,3,JLHW_Canaan
G IY JH,-0.369684055,3,JLHW_Canaan
G IY SH,-0.180696632,3,JLHW_Canaan
G IY TH,-0.313529175,3,JLHW_Canaan
G UW DH,-0.917469577,3,JLHW_Canaan
G UW SH,-0.070374335,3,JLHW_Canaan
G UW TH,-0.196810636,3,JLHW_Canaan
G UW V,0.004213446,3,JLHW_Canaan
G UW ZH,-0.4489889,3,JLHW_Canaan
HH AE N,0.619410996,3,JLHW_Canaan
HH AE S,0.780964806,3,JLHW_Canaan
HH AH S,-0.106511206,3,JLHW_Canaan
HH AY N,0.925105961,3,JLHW_Canaan
HH AY S,0.394691417,3,JLHW_Canaan
HH EH S,0.435859042,3,JLHW_Canaan
HH EY N,1.37407386,3,JLHW_Canaan
HH EY S,0.607557019,3,JLHW_Canaan
HH IY N,0.025772894,3,JLHW_Canaan
HH L AH P,-0.976722918,3,JLHW_Canaan
HH M IH T,-1.61281401,3,JLHW_Canaan
HH UW DH,-0.709590808,3,JLHW_Canaan
HH UW SH,-0.152993181,3,JLHW_Canaan
HH UW ZH,-0.604632994,3,JLHW_Canaan
JH AH N,-0.258406426,3,JLHW_Canaan
JH AO B,0.454906186,3,JLHW_Canaan
JH AW CH,-0.461427128,3,JLHW_Canaan
JH AW D,-0.14313112,3,JLHW_Canaan
JH AW JH,-0.304755727,3,JLHW_Canaan
JH AW R,-0.28556296,3,JLHW_Canaan
JH AW T,0.225163472,3,JLHW_Canaan
JH AW TH,-0.275174014,3,JLHW_Canaan
JH AW Y,-1.406967565,3,JLHW_Canaan
JH AW Z,-0.297963113,3,JLHW_Canaan
JH AY DH,-0.840796665,3,JLHW_Canaan
JH AY M,0.410635208,3,JLHW_Canaan
JH AY N,0.181232999,3,JLHW_Canaan
JH AY P,0.302794924,3,JLHW_Canaan
JH AY Z,-0.432247663,3,JLHW_Canaan
JH ER TH,-0.294395762,3,JLHW_Canaan
JH EY DH,-0.985906055,3,JLHW_Canaan
JH EY G,-0.579825986,3,JLHW_Canaan
JH EY JH,-0.604548648,3,JLHW_Canaan
JH EY TH,-0.391047136,3,JLHW_Canaan
JH EY ZH,-1.275315328,3,JLHW_Canaan
JH IH S,0.296493739,3,JLHW_Canaan
JH UW DH,-0.917390931,3,JLHW_Canaan
JH UW SH,-0.502251856,3,JLHW_Canaan
K AE DH,-0.679763811,3,JLHW_Canaan
K AE G,0.436976981,3,JLHW_Canaan
K AE K,0.723187333,3,JLHW_Canaan
K AE NG,0.062830056,3,JLHW_Canaan
K AE TH,0.592843441,3,JLHW_Canaan
K AE Z,0.462255151,3,JLHW_Canaan
K AE ZH,-0.369207484,3,JLHW_Canaan
K AH K,1.19549388,3,JLHW_Canaan
K AH N,0.080585409,3,JLHW_Canaan
K AH N IH F L,-1.33708716,3,JLHW_Canaan
K AH N IH F T,-0.487820922,3,JLHW_Canaan
K AY DH,-0.943292768,3,JLHW_Canaan
K EH K,0.848542357,3,JLHW_Canaan
K EH L,0.872596153,3,JLHW_Canaan
K EH S,0.357000096,3,JLHW_Canaan
K ER M,0.266800911,3,JLHW_Canaan
K ER N,1.368764208,3,JLHW_Canaan
K EY B,0.422731506,3,JLHW_Canaan
K EY D,1.075370122,3,JLHW_Canaan
K IH L P,0.487898161,3,JLHW_Canaan
K IH P L,-0.610672465,3,JLHW_Canaan
K IY K,0.240716308,3,JLHW_Canaan
K IY S,-0.144724056,3,JLHW_Canaan
K IY T,0.709127295,3,JLHW_Canaan
K L OW P,0.685590614,3,JLHW_Canaan
K N OW P,-0.994614869,3,JLHW_Canaan
K P IH NG,-1.386315486,3,JLHW_Canaan
K T AY S,-1.230979697,3,JLHW_Canaan
L AE L,-0.415068838,3,JLHW_Canaan
L AE N,1.189292892,3,JLHW_Canaan
L AE T,1.352306024,3,JLHW_Canaan
L AH N,-0.070036173,3,JLHW_Canaan
L AW CH,0.335671534,3,JLHW_Canaan
L AW JH,-0.131880589,3,JLHW_Canaan
L AW TH,-0.246842869,3,JLHW_Canaan
L EH L,0.112304076,3,JLHW_Canaan
L ER TH,-0.142283326,3,JLHW_Canaan
L ER Z,-0.64677633,3,JLHW_Canaan
L EY L,0.62188808,3,JLHW_Canaan
L IH S,0.599192356,3,JLHW_Canaan
M AE B,0.515445142,3,JLHW_Canaan
M AE L,0.946628005,3,JLHW_Canaan
M AE V,0.671929548,3,JLHW_Canaan
M AE Z,0.287584748,3,JLHW_Canaan
M AH B,0.027199903,3,JLHW_Canaan
M AH N,0.593841376,3,JLHW_Canaan
M AY D,0.418257952,3,JLHW_Canaan
M EH K,0.8360257,3,JLHW_Canaan
M EH M,0.501735668,3,JLHW_Canaan
M ER N,0.338363245,3,JLHW_Canaan
M ER S,0.593270152,3,JLHW_Canaan
M EY B,0.580815583,3,JLHW_Canaan
M EY P,1.055569638,3,JLHW_Canaan
M IH M,0.596941133,3,JLHW_Canaan
M IH P,0.685569414,3,JLHW_Canaan
M UW DH,-0.538846976,3,JLHW_Canaan
M UW SH,0.281962084,3,JLHW_Canaan
M UW ZH,-0.51931912,3,JLHW_Canaan
N AE L,0.218292162,3,JLHW_Canaan
N AO B,0.338190804,3,JLHW_Canaan
N AO D,-0.41442346,3,JLHW_Canaan
N AO NG,-0.966695678,3,JLHW_Canaan
N AO TH,-0.448557157,3,JLHW_Canaan
N AW CH,-0.024871469,3,JLHW_Canaan
N AW D,0.480274919,3,JLHW_Canaan
N AW JH,-0.703958742,3,JLHW_Canaan
N AW TH,-0.319727323,3,JLHW_Canaan
N AY DH,-0.430870916,3,JLHW_Canaan
N EH N,-0.046557673,3,JLHW_Canaan
N ER G,-0.104861806,3,JLHW_Canaan
N ER TH,0.265896551,3,JLHW_Canaan
N ER Z,-0.674235258,3,JLHW_Canaan
N EY N,0.332270003,3,JLHW_Canaan
N EY S,0.666166656,3,JLHW_Canaan
N IH N,0.445153866,3,JLHW_Canaan
N IH S,0.489383742,3,JLHW_Canaan
N IY N,0.208121391,3,JLHW_Canaan
P AE B,0.783832289,3,JLHW_Canaan
P AE G,0.634711803,3,JLHW_Canaan
P AE JH,0.901774393,3,JLHW_Canaan
P AE V,0.287281553,3,JLHW_Canaan
P AE Z,0.43673133,3,JLHW_Canaan
P AH L,0.437549778,3,JLHW_Canaan
P AH M,0.86285979,3,JLHW_Canaan
P AW JH,-0.27645106,3,JLHW_Canaan
P AY T,0.710870741,3,JLHW_Canaan
P EH L,1.402920399,3,JLHW_Canaan
P EH M,0.436425887,3,JLHW_Canaan
P EH S,0.417509492,3,JLHW_Canaan
P ER B,0.210151078,3,JLHW_Canaan
P ER D,0.354907239,3,JLHW_Canaan
P ER N,0.628019243,3,JLHW_Canaan
P ER V,1.753530504,3,JLHW_Canaan
P EY B,0.421483779,3,JLHW_Canaan
P EY K,0.866383345,3,JLHW_Canaan
P EY M,0.808561495,3,JLHW_Canaan
P EY P,0.919279668,3,JLHW_Canaan
P IH M,0.907973436,3,JLHW_Canaan
P IY M,0.164426781,3,JLHW_Canaan
P L AH P,0.816641389,3,JLHW_Canaan
P N EH K,-1.199065925,3,JLHW_Canaan
P UW DH,-0.779561727,3,JLHW_Canaan
P UW SH,0.149631196,3,JLHW_Canaan
P UW ZH,-0.801840231,3,JLHW_Canaan
P W IH K AH N,-0.754033686,3,JLHW_Canaan
R AE L,0.277698468,3,JLHW_Canaan
R AH F K,-0.987140349,3,JLHW_Canaan
R AH F T,0.251823569,3,JLHW_Canaan
R AH L,0.581103285,3,JLHW_Canaan
R AO CH,-0.177830531,3,JLHW_Canaan
R AO SH,-0.694478906,3,JLHW_Canaan
R AW JH,0.00443454,3,JLHW_Canaan
R AY R,0.011688924,3,JLHW_Canaan
R EH L,0.883411269,3,JLHW_Canaan
R EH M,1.212976359,3,JLHW_Canaan
R EH P,2.558247337,3,JLHW_Canaan
R EH S,0.612739945,3,JLHW_Canaan
R EY B,0.731422538,3,JLHW_Canaan
R EY M,0.9063405,3,JLHW_Canaan
R IH DH,-0.605789645,3,JLHW_Canaan
R IH N,0.662034675,3,JLHW_Canaan
R IH S,0.405915427,3,JLHW_Canaan
R IH SH,0.100404602,3,JLHW_Canaan
R IH TH,0.36918037,3,JLHW_Canaan
R IH V,0.334722431,3,JLHW_Canaan
R IH Z,0.287045939,3,JLHW_Canaan
R IH ZH,-0.727864595,3,JLHW_Canaan
R IY G,-0.091806063,3,JLHW_Canaan
R IY N,0.621434994,3,JLHW_Canaan
R IY S,0.637015325,3,JLHW_Canaan
R IY T,0.518613793,3,JLHW_Canaan
R IY Z,0.172676004,3,JLHW_Canaan
S AE N,0.37374841,3,JLHW_Canaan
S AH D,1.119733612,3,JLHW_Canaan
S AH D EH K P,-1.486960717,3,JLHW_Canaan
S AH D EH K T,-0.290035785,3,JLHW_Canaan
S AH G,-0.25224262,3,JLHW_Canaan
S AH JH,0.25886779,3,JLHW_Canaan
S AH L,1.039970697,3,JLHW_Canaan
S AH S,0.921929568,3,JLHW_Canaan
S AH SH,0.018091645,3,JLHW_Canaan
S AH T,0.444895077,3,JLHW_Canaan
S AH V,-0.975401558,3,JLHW_Canaan
S AH Z,-0.612591997,3,JLHW_Canaan
S AY B,0.073921179,3,JLHW_Canaan
S AY K,1.627622885,3,JLHW_Canaan
S AY L,0.697217508,3,JLHW_Canaan
S AY M,0.304914887,3,JLHW_Canaan
S AY P,0.625391416,3,JLHW_Canaan
S AY S,0.355577162,3,JLHW_Canaan
S AY V,0.186884202,3,JLHW_Canaan
S EH B,0.210320953,3,JLHW_Canaan
S EH CH,0.116547207,3,JLHW_Canaan
S EH DH,-0.646574401,3,JLHW_Canaan
S EH G,0.719582226,3,JLHW_Canaan
S EH M,0.529794371,3,JLHW_Canaan
S EH NG,0.064017109,3,JLHW_Canaan
S EH P,0.482561396,3,JLHW_Canaan
S EH R,-0.060343065,3,JLHW_Canaan
S EH S,0.019174792,3,JLHW_Canaan
S EH SH,0.689871908,3,JLHW_Canaan
S EH V,0.056779352,3,JLHW_Canaan
S EH ZH,-0.816295881,3,JLHW_Canaan
S ER D,0.292353357,3,JLHW_Canaan
S ER G,-0.03086726,3,JLHW_Canaan
S ER K,0.482953819,3,JLHW_Canaan
S ER L,-0.828563583,3,JLHW_Canaan
S ER M,0.164730271,3,JLHW_Canaan
S ER N,0.774661339,3,JLHW_Canaan
S ER P,0.478701947,3,JLHW_Canaan
S ER S,0.002459689,3,JLHW_Canaan
S ER T,0.788884315,3,JLHW_Canaan
S ER Z,-0.418638895,3,JLHW_Canaan
S EY B,0.742587146,3,JLHW_Canaan
S EY D,1.047286189,3,JLHW_Canaan
S EY P,0.837370702,3,JLHW_Canaan
S EY S,0.27555515,3,JLHW_Canaan
S IH JH,0.357750639,3,JLHW_Canaan
S IH M,1.655451138,3,JLHW_Canaan
S IH Z,0.467959894,3,JLHW_Canaan
S IY G,0.105749751,3,JLHW_Canaan
S IY V,0.61717729,3,JLHW_Canaan
S M IH T,1.200068452,3,JLHW_Canaan
S N EH K,0.435093838,3,JLHW_Canaan
S P IH NG,0.346731848,3,JLHW_Canaan
S T AY S,0.306036143,3,JLHW_Canaan
SH AE N,0.721962949,3,JLHW_Canaan
SH AH CH,-0.286264601,3,JLHW_Canaan
SH AH JH,-0.16683215,3,JLHW_Canaan
SH AH P EH N R,-1.278644859,3,JLHW_Canaan
SH AH P EH N T,-0.273593517,3,JLHW_Canaan
SH AO B,-0.431856308,3,JLHW_Canaan
SH AO CH,-0.939724807,3,JLHW_Canaan
SH AO D,-0.058545847,3,JLHW_Canaan
SH AO G,-0.161112054,3,JLHW_Canaan
SH AO NG,-0.593494143,3,JLHW_Canaan
SH AO SH,-0.573860568,3,JLHW_Canaan
SH AO TH,-0.423507052,3,JLHW_Canaan
SH AO Z,-0.778865969,3,JLHW_Canaan
SH AW CH,-0.711449717,3,JLHW_Canaan
SH AW D,0.046654064,3,JLHW_Canaan
SH AW JH,-0.638927729,3,JLHW_Canaan
SH AW L,4.48E-04,3,JLHW_Canaan
SH AW TH,-0.40857583,3,JLHW_Canaan
SH AW Z,-0.192391755,3,JLHW_Canaan
SH AY B,0.235571993,3,JLHW_Canaan
SH AY DH,-0.743349056,3,JLHW_Canaan
SH AY M,0.725285283,3,JLHW_Canaan
SH AY P,0.429800736,3,JLHW_Canaan
SH AY V,0.543251914,3,JLHW_Canaan
SH EH N,0.410465094,3,JLHW_Canaan
SH ER CH,-0.222539547,3,JLHW_Canaan
SH ER G,-0.457240342,3,JLHW_Canaan
SH ER JH,-0.754579511,3,JLHW_Canaan
SH ER TH,0.065030347,3,JLHW_Canaan
SH ER Z,-0.768016618,3,JLHW_Canaan
SH EY DH,-0.685531901,3,JLHW_Canaan
SH EY G,-0.648973852,3,JLHW_Canaan
SH EY JH,-0.75305097,3,JLHW_Canaan
SH EY TH,-0.121023897,3,JLHW_Canaan
SH EY ZH,-1.2401423,3,JLHW_Canaan
SH IH S,-0.266420561,3,JLHW_Canaan
SH UW DH,-0.637035669,3,JLHW_Canaan
SH UW TH,0.407178352,3,JLHW_Canaan
SH UW V,0.042957687,3,JLHW_Canaan
SH UW ZH,-0.797365576,3,JLHW_Canaan
T AE L,0.319031771,3,JLHW_Canaan
T AH L,1.333476817,3,JLHW_Canaan
T AW CH,-0.123375014,3,JLHW_Canaan
T AW JH,-0.21120521,3,JLHW_Canaan
T AY B,0.480574303,3,JLHW_Canaan
T AY S,1.151895593,3,JLHW_Canaan
T AY W,-1.291547247,3,JLHW_Canaan
T EH M,0.370873792,3,JLHW_Canaan
T EH T,0.300582756,3,JLHW_Canaan
T ER T,0.750869031,3,JLHW_Canaan
T EY N,1.029027953,3,JLHW_Canaan
T EY S,0.779902557,3,JLHW_Canaan
T IH L R,-0.90203385,3,JLHW_Canaan
T IH L S,-0.275061404,3,JLHW_Canaan
T IH S,0.845917766,3,JLHW_Canaan
T R AA K D AH L,0.100939039,3,JLHW_Canaan
T R AA K T AH L,0.448150994,3,JLHW_Canaan
T R EH F K,-0.867573889,3,JLHW_Canaan
T R EH F T,0.628183586,3,JLHW_Canaan
T W IH K AH N,0.684005522,3,JLHW_Canaan
TH AE N,1.018557457,3,JLHW_Canaan
TH AH CH,-0.291208778,3,JLHW_Canaan
TH AH JH,0.489759269,3,JLHW_Canaan
TH AH SH,0.094906719,3,JLHW_Canaan
TH AH Z,-0.459742857,3,JLHW_Canaan
TH AO B,-0.175790195,3,JLHW_Canaan
TH AO CH,-0.252396098,3,JLHW_Canaan
TH AO G,-0.272708798,3,JLHW_Canaan
TH AO SH,-0.667282704,3,JLHW_Canaan
TH AO TH,-0.664802536,3,JLHW_Canaan
TH ER TH,-0.64967052,3,JLHW_Canaan
TH ER Z,-0.590278771,3,JLHW_Canaan
TH EY DH,-0.906562469,3,JLHW_Canaan
TH EY G,-0.854781933,3,JLHW_Canaan
TH EY JH,-0.290157929,3,JLHW_Canaan
TH EY TH,-0.621453627,3,JLHW_Canaan
TH EY Z,0.137369587,3,JLHW_Canaan
TH EY ZH,-0.753797451,3,JLHW_Canaan
TH IH S,0.101950633,3,JLHW_Canaan
TH IY N,0.027503607,3,JLHW_Canaan
V AE S,0.639743248,3,JLHW_Canaan
V AW JH,-0.216699319,3,JLHW_Canaan
V AW R,-0.251781387,3,JLHW_Canaan
V AW TH,-0.48513409,3,JLHW_Canaan
V AY K,0.684644054,3,JLHW_Canaan
V AY R,0.795332133,3,JLHW_Canaan
V AY T,0.683398796,3,JLHW_Canaan
V EH L,0.694760776,3,JLHW_Canaan
V EH R,-0.180877728,3,JLHW_Canaan
V EH S,0.701316346,3,JLHW_Canaan
V ER N,1.018148272,3,JLHW_Canaan
V EY DH,-1.089758794,3,JLHW_Canaan
V EY T,0.648419751,3,JLHW_Canaan
V EY ZH,-0.790004373,3,JLHW_Canaan
V IH L,0.817603411,3,JLHW_Canaan
V IH N,0.987743102,3,JLHW_Canaan
V IH S,0.428459469,3,JLHW_Canaan
V IY N,0.411061478,3,JLHW_Canaan
W AE N,0.493143522,3,JLHW_Canaan
W AH CH,-0.038204591,3,JLHW_Canaan
W AH JH,-0.293694182,3,JLHW_Canaan
W AH SH,0.225188701,3,JLHW_Canaan
W AY DH,-0.790992396,3,JLHW_Canaan
W EY S,0.451072623,3,JLHW_Canaan
W IH S,0.46487098,3,JLHW_Canaan
W UW DH,-0.72733665,3,JLHW_Canaan
W UW TH,0.005320573,3,JLHW_Canaan
W UW V,0.694123334,3,JLHW_Canaan
W UW ZH,-0.806439373,3,JLHW_Canaan
Y AE N,0.651687743,3,JLHW_Canaan
Y AH CH,-0.438531006,3,JLHW_Canaan
Y AH JH,-0.833531964,3,JLHW_Canaan
Y AH SH,-0.453174334,3,JLHW_Canaan
Y AH Z,-0.470909336,3,JLHW_Canaan
Y AO CH,-0.351620257,3,JLHW_Canaan
Y AO D,-0.33724222,3,JLHW_Canaan
Y AO G,-0.364631561,3,JLHW_Canaan
Y AO NG,-0.735106665,3,JLHW_Canaan
Y AO SH,-0.574820674,3,JLHW_Canaan
Y AO TH,-0.55102328,3,JLHW_Canaan
Y AW CH,-0.12986126,3,JLHW_Canaan
Y AW D,-0.449166167,3,JLHW_Canaan
Y AW JH,-0.545097983,3,JLHW_Canaan
Y AW R,-0.647795369,3,JLHW_Canaan
Y AW T,-0.405498599,3,JLHW_Canaan
Y AW TH,-0.590406188,3,JLHW_Canaan
Y AW Z,-0.580427759,3,JLHW_Canaan
Y ER CH,-0.281489363,3,JLHW_Canaan
Y ER G,-0.167693111,3,JLHW_Canaan
Y ER P,-0.155506781,3,JLHW_Canaan
Y ER TH,-0.013949634,3,JLHW_Canaan
Y ER V,-0.547732071,3,JLHW_Canaan
Y ER Z,-0.478477536,3,JLHW_Canaan
Y IH S,0.186316597,3,JLHW_Canaan
Y IY CH,-0.878222982,3,JLHW_Canaan
Y IY DH,-0.996036005,3,JLHW_Canaan
Y IY G,-0.740750629,3,JLHW_Canaan
Y IY JH,-0.690477138,3,JLHW_Canaan
Y IY SH,0.022559748,3,JLHW_Canaan
Y IY TH,-0.117480219,3,JLHW_Canaan
Z AE N,1.037228245,3,JLHW_Canaan
Z IH S,-0.177569425,3,JLHW_Canaan
Z IY CH,-0.251895795,3,JLHW_Canaan
Z IY DH,-0.816092932,3,JLHW_Canaan
Z IY G,-0.407239383,3,JLHW_Canaan
Z IY JH,-0.90892898,3,JLHW_Canaan
Z IY SH,-0.224990254,3,JLHW_Canaan
Z IY TH,-0.089293378,3,JLHW_Canaan
Z UW B,-0.384086733,3,JLHW_Canaan
Z UW DH,-0.826277089,3,JLHW_Canaan
Z UW SH,-0.080308914,3,JLHW_Canaan
Z UW TH,-0.118864261,3,JLHW_Canaan
Z UW V,-0.084328495,3,JLHW_Canaan
Z UW ZH,-0.936778155,3,JLHW_Canaan
B AA DH,-0.885322805,4,BreissSundara
B AH CH,0.912545034,4,BreissSundara
B AH SH,1.713498976,4,BreissSundara
B AH TH,0.144582821,4,BreissSundara
B AO SH,0.348357877,4,BreissSundara
B AY F,-0.402013707,4,BreissSundara
B ER JH,1.257421165,4,BreissSundara
B ER M,1.814944744,4,BreissSundara
B ER SH,0.711295016,4,BreissSundara
B EY P,-0.172198772,4,BreissSundara
B EY TH,0.044627451,4,BreissSundara
B EY V,1.168712653,4,BreissSundara
B IY G,0.518108783,4,BreissSundara
B OY D,0.88418974,4,BreissSundara
B OY G,0.343788964,4,BreissSundara
B OY Z,1.582592436,4,BreissSundara
CH AA CH,0.646566663,4,BreissSundara
CH AA SH,0.268091599,4,BreissSundara
CH AA TH,-0.098470993,4,BreissSundara
CH AA V,-0.405414947,4,BreissSundara
CH AE NG,0.341963112,4,BreissSundara
CH AH B,1.592927539,4,BreissSundara
CH AH NG,0.354881422,4,BreissSundara
CH AH V,-0.606065463,4,BreissSundara
CH AY SH,-0.549429029,4,BreissSundara
CH AY ZH,-2.514705265,4,BreissSundara
CH EH F,1.347542848,4,BreissSundara
CH EH TH,0.431079295,4,BreissSundara
CH ER D,0.268512966,4,BreissSundara
CH ER JH,0.277208777,4,BreissSundara
CH EY JH,0.431215881,4,BreissSundara
CH IY D,0.857520883,4,BreissSundara
D AH SH,0.715403726,4,BreissSundara
D AO D,-0.692593409,4,BreissSundara
D AW D,0.552240658,4,BreissSundara
D AW JH,-0.668940156,4,BreissSundara
D ER CH,-0.549659457,4,BreissSundara
D ER D,0.516150613,4,BreissSundara
D ER G,0.282231528,4,BreissSundara
D ER M,1.413108082,4,BreissSundara
D ER SH,0.339729329,4,BreissSundara
D EY P,0.033916816,4,BreissSundara
D EY TH,-0.768689145,4,BreissSundara
D OY Z,0.154561661,4,BreissSundara
D UH D,-0.550848907,4,BreissSundara
D UH G,1.53555803,4,BreissSundara
D UH K,0.861630523,4,BreissSundara
D UW V,-0.86745296,4,BreissSundara
D UW Z,-0.290838699,4,BreissSundara
DH AA B,-0.248437287,4,BreissSundara
DH AA CH,-1.802621982,4,BreissSundara
DH AA JH,-1.544357702,4,BreissSundara
DH AA S,-0.322384882,4,BreissSundara
DH AA V,-1.15943642,4,BreissSundara
DH AO K,-2.382842188,4,BreissSundara
DH AO R,-2.697857199,4,BreissSundara
DH AO T,0.209252424,4,BreissSundara
DH AO Z,-1.331181886,4,BreissSundara
DH EH B,-0.342451985,4,BreissSundara
DH EH CH,-1.440293024,4,BreissSundara
DH EY V,-0.698739515,4,BreissSundara
DH IH DH,-2.138625342,4,BreissSundara
DH IH SH,-0.81020085,4,BreissSundara
DH IH ZH,-3.595913697,4,BreissSundara
DH IY D,0.313042986,4,BreissSundara
DH IY JH,-1.215928235,4,BreissSundara
DH IY P,0.273553338,4,BreissSundara
DH IY T,-0.127671444,4,BreissSundara
DH IY V,-1.065963087,4,BreissSundara
DH OW B,-0.847259646,4,BreissSundara
DH OW DH,-0.872496837,4,BreissSundara
DH OW JH,-0.828111243,4,BreissSundara
DH OW NG,-1.083103838,4,BreissSundara
DH OW SH,-1.145253869,4,BreissSundara
DH OW ZH,-1.310827741,4,BreissSundara
DH UH D,-1.565852944,4,BreissSundara
DH UH K,-1.991617684,4,BreissSundara
DH UH L,0.029638429,4,BreissSundara
DH UH R,0.258890388,4,BreissSundara
F AA DH,-1.58419736,4,BreissSundara
F AA TH,-0.996790595,4,BreissSundara
F AH F,0.964364596,4,BreissSundara
F AH NG,0.483085866,4,BreissSundara
F AH SH,0.246521483,4,BreissSundara
F AO D,-0.09054691,4,BreissSundara
F AO K,0.105026094,4,BreissSundara
F AO NG,-0.375701954,4,BreissSundara
F AY B,-0.031275999,4,BreissSundara
F AY SH,-0.482604483,4,BreissSundara
F AY Z,0.681460281,4,BreissSundara
F ER SH,0.619323737,4,BreissSundara
F IY CH,0.551591514,4,BreissSundara
F IY P,0.775635841,4,BreissSundara
F IY V,0.627889348,4,BreissSundara
F OY K,0.147028932,4,BreissSundara
F UH NG,0.483085866,4,BreissSundara
F UH SH,0.246521483,4,BreissSundara
F UW G,-0.344677236,4,BreissSundara
F UW NG,-1.391947744,4,BreissSundara
G AA JH,-1.334252361,4,BreissSundara
G AH TH,-0.381154502,4,BreissSundara
G AO B,0.01534175,4,BreissSundara
G AO D,0.559717531,4,BreissSundara
G AO SH,0.627777504,4,BreissSundara
G AW Z,1.090669643,4,BreissSundara
G AY SH,-0.737643105,4,BreissSundara
G AY ZH,-2.055153478,4,BreissSundara
G EH F,0.202866799,4,BreissSundara
G ER T,0.808330528,4,BreissSundara
G EY G,-1.770167735,4,BreissSundara
G IY F,0.022579045,4,BreissSundara
G IY G,-0.738485076,4,BreissSundara
G OW DH,-0.457737677,4,BreissSundara
G OW JH,-0.139698392,4,BreissSundara
G OW P,0.684652889,4,BreissSundara
G OW ZH,-0.856352658,4,BreissSundara
G OY D,0.846128517,4,BreissSundara
G OY L,0.95576783,4,BreissSundara
G UW D,2.397576992,4,BreissSundara
G UW K,-0.209269158,4,BreissSundara
G UW M,0.645999924,4,BreissSundara
G UW P,1.798414637,4,BreissSundara
G UW SH,0.299417473,4,BreissSundara
HH AH TH,0.708769234,4,BreissSundara
HH AW JH,0.059656327,4,BreissSundara
HH ER K,0.747584233,4,BreissSundara
HH ER TH,1.444077752,4,BreissSundara
HH ER V,0.450540098,4,BreissSundara
HH EY M,0.81890842,4,BreissSundara
HH IY M,0.98572013,4,BreissSundara
HH OW DH,0.081534117,4,BreissSundara
HH OW F,-0.305846547,4,BreissSundara
HH OY K,-0.029273196,4,BreissSundara
HH OY L,1.191826527,4,BreissSundara
HH OY Z,0.509424418,4,BreissSundara
HH UH G,1.836130761,4,BreissSundara
HH UH S,0.637241109,4,BreissSundara
HH UH SH,2.114861077,4,BreissSundara
JH AA F,-0.56718708,4,BreissSundara
JH AA P,-0.799723756,4,BreissSundara
JH AE CH,-0.130342619,4,BreissSundara
JH AE JH,0.460520459,4,BreissSundara
JH AE SH,0.882893879,4,BreissSundara
JH AE TH,-0.018359599,4,BreissSundara
JH AH B,0.615818962,4,BreissSundara
JH AH F,0.172693993,4,BreissSundara
JH AO G,-0.721860247,4,BreissSundara
JH AW M,-0.046575058,4,BreissSundara
JH AY SH,-2.236115974,4,BreissSundara
JH EH G,0.342008751,4,BreissSundara
JH ER P,0.101659602,4,BreissSundara
JH ER S,-0.002470278,4,BreissSundara
JH ER V,0.025664812,4,BreissSundara
JH EY M,-0.25916498,4,BreissSundara
JH IH TH,0.686060409,4,BreissSundara
JH IY JH,-0.23508566,4,BreissSundara
JH IY TH,0.517765785,4,BreissSundara
JH IY ZH,0.022632064,4,BreissSundara
JH UH R,0.226324487,4,BreissSundara
JH UW F,-0.337446991,4,BreissSundara
JH UW Z,0.442951954,4,BreissSundara
K AY ZH,-1.426216471,4,BreissSundara
K EY F,0.564190162,4,BreissSundara
K OY G,-0.161897266,4,BreissSundara
K OY Z,-0.478592382,4,BreissSundara
K UW CH,1.118287314,4,BreissSundara
L AA CH,0.014285095,4,BreissSundara
L AA SH,0.495883984,4,BreissSundara
L AA TH,0.402242405,4,BreissSundara
L AH B,1.160475049,4,BreissSundara
L AH F,1.128458523,4,BreissSundara
L EY G,0.96348226,4,BreissSundara
L EY JH,0.758283645,4,BreissSundara
L EY Z,0.651289596,4,BreissSundara
L OW G,0.836310907,4,BreissSundara
L OY D,1.507014163,4,BreissSundara
L OY L,0.73431499,4,BreissSundara
L OY T,0.80636123,4,BreissSundara
L UH Z,-0.040443769,4,BreissSundara
L UW F,1.522966608,4,BreissSundara
M AA DH,-0.242770154,4,BreissSundara
M AH V,0.397808646,4,BreissSundara
M AW D,0.04019767,4,BreissSundara
M ER CH,2.488757402,4,BreissSundara
M ER D,1.071501356,4,BreissSundara
M EY ZH,-0.485948562,4,BreissSundara
M IY DH,0.320466084,4,BreissSundara
M OY CH,-0.080525172,4,BreissSundara
M OY JH,-0.221606279,4,BreissSundara
M UH SH,2.471022286,4,BreissSundara
N AA V,-0.081584228,4,BreissSundara
N AA Z,-0.169411308,4,BreissSundara
N AH K,1.494361543,4,BreissSundara
N AH P,1.01730755,4,BreissSundara
N AH SH,0.439673318,4,BreissSundara
N AO B,0.410068725,4,BreissSundara
N AW D,0.596493823,4,BreissSundara
N AW S,-0.014248096,4,BreissSundara
N AW T,-0.071807031,4,BreissSundara
N AY B,0.21621503,4,BreissSundara
N AY K,-0.337348997,4,BreissSundara
N AY M,0.173937755,4,BreissSundara
N AY V,0.361044007,4,BreissSundara
N AY Z,-0.839977234,4,BreissSundara
N ER M,0.797489725,4,BreissSundara
N EY DH,-1.390617885,4,BreissSundara
N EY G,-0.387126226,4,BreissSundara
N EY JH,0.214047623,4,BreissSundara
N IY F,0.366075956,4,BreissSundara
N IY Z,0.947505558,4,BreissSundara
N OY D,1.234934931,4,BreissSundara
N OY L,0.91979291,4,BreissSundara
N UH D,0.020193752,4,BreissSundara
NG AY G,-3.427590863,4,BreissSundara
NG OW B,-1.488264726,4,BreissSundara
NG UH D,-4.644947125,4,BreissSundara
NG UH N,-2.829138563,4,BreissSundara
NG UH R,-1.103524399,4,BreissSundara
P AY SH,-1.087023344,4,BreissSundara
P ER TH,1.675112188,4,BreissSundara
P OY G,0.726399832,4,BreissSundara
P UH G,1.59172548,4,BreissSundara
R AH CH,0.745959276,4,BreissSundara
R AH JH,1.319047692,4,BreissSundara
R AH TH,1.19337277,4,BreissSundara
R AO D,1.640960704,4,BreissSundara
R AO SH,0.281511493,4,BreissSundara
R AW DH,-0.708191159,4,BreissSundara
R AW TH,0.721419353,4,BreissSundara
R AY SH,-0.251448398,4,BreissSundara
R OY D,1.646057134,4,BreissSundara
R OY Z,0.927934621,4,BreissSundara
R UH Z,0.329891186,4,BreissSundara
S AO SH,-0.763730898,4,BreissSundara
S AW NG,-0.239619229,4,BreissSundara
S ER TH,0.734350076,4,BreissSundara
S UH ZH,-1.891840299,4,BreissSundara
SH AA B,0.476885334,4,BreissSundara
SH AA DH,-0.843943059,4,BreissSundara
SH AA Z,-0.441628432,4,BreissSundara
SH AE CH,-0.37779551,4,BreissSundara
SH AE DH,-1.398984342,4,BreissSundara
SH AE JH,-0.391389111,4,BreissSundara
SH AH B,0.503038885,4,BreissSundara
SH EH G,0.59139632,4,BreissSundara
SH IH NG,0.37606604,4,BreissSundara
SH UH F,-1.032130219,4,BreissSundara
SH UH Z,0.243986991,4,BreissSundara
SH UW Z,1.509480845,4,BreissSundara
T AO D,1.076436133,4,BreissSundara
T AO Z,-0.937420659,4,BreissSundara
T AW NG,-0.854182389,4,BreissSundara
T AY SH,-0.253950788,4,BreissSundara
T ER V,0.733696897,4,BreissSundara
T EY DH,-0.228805517,4,BreissSundara
T EY ZH,-0.585760638,4,BreissSundara
T IY V,0.346923411,4,BreissSundara
T OY D,0.476573688,4,BreissSundara
T OY K,0.598808503,4,BreissSundara
T OY Z,0.994890588,4,BreissSundara
T UH T,0.98368049,4,BreissSundara
T UW ZH,-0.996064758,4,BreissSundara
TH AA DH,-1.597800199,4,BreissSundara
TH AA NG,0.447193427,4,BreissSundara
TH AH B,0.989359681,4,BreissSundara
TH AH K,0.520087646,4,BreissSundara
TH AH P,-0.323466443,4,BreissSundara
TH AH T,0.595585057,4,BreissSundara
TH AH V,0.174892989,4,BreissSundara
TH EH P,-0.290273476,4,BreissSundara
TH EH V,0.284402962,4,BreissSundara
TH ER B,0.226732914,4,BreissSundara
TH ER N,1.332478809,4,BreissSundara
TH ER TH,0.058144983,4,BreissSundara
TH IH DH,-2.353345169,4,BreissSundara
TH IH F,0.10251343,4,BreissSundara
TH IH ZH,-1.362382353,4,BreissSundara
TH IY D,0.848457181,4,BreissSundara
TH IY JH,0.434636913,4,BreissSundara
TH IY P,0.791018418,4,BreissSundara
TH OW B,-0.196519118,4,BreissSundara
TH OW CH,-0.305481909,4,BreissSundara
TH OW F,-0.46269808,4,BreissSundara
TH OW HH,-0.215914405,4,BreissSundara
TH OW JH,0.047007563,4,BreissSundara
TH OW SH,-1.242262196,4,BreissSundara
TH UW V,-0.288691322,4,BreissSundara
TH UW Z,0.518859658,4,BreissSundara
V AA D,0.253698602,4,BreissSundara
V AA DH,-0.660678225,4,BreissSundara
V AA F,-0.623204762,4,BreissSundara
V AA G,-0.012050811,4,BreissSundara
V AE ZH,-0.36581697,4,BreissSundara
V AH B,0.246986307,4,BreissSundara
V AH CH,-0.394320472,4,BreissSundara
V AH JH,0.582542541,4,BreissSundara
V AH NG,-0.349596585,4,BreissSundara
V AH P,0.51323105,4,BreissSundara
V AO B,-0.381207877,4,BreissSundara
V AO D,-0.122840872,4,BreissSundara
V AO L,-0.002043799,4,BreissSundara
V AO M,-0.514731905,4,BreissSundara
V ER G,-0.187971731,4,BreissSundara
V ER L,0.310986641,4,BreissSundara
V EY M,0.672230282,4,BreissSundara
V EY T,-0.075127803,4,BreissSundara
V EY V,-0.559694763,4,BreissSundara
V IY M,0.825544624,4,BreissSundara
V IY P,1.216989363,4,BreissSundara
V IY V,0.681748161,4,BreissSundara
V IY Z,0.352240934,4,BreissSundara
V OW P,0.676924649,4,BreissSundara
W AA B,0.390297949,4,BreissSundara
W AA DH,-0.7058874,4,BreissSundara
W AA F,0.209104453,4,BreissSundara
W AA G,-0.114517687,4,BreissSundara
W AA V,0.43422054,4,BreissSundara
W AA Z,0.693638603,4,BreissSundara
W AE DH,-1.835413294,4,BreissSundara
W AE ZH,-1.571034753,4,BreissSundara
W AH CH,0.603123806,4,BreissSundara
W AH D,0.60999116,4,BreissSundara
W AO D,0.230679572,4,BreissSundara
W AO G,-0.676049451,4,BreissSundara
W AO M,-0.684001587,4,BreissSundara
W AO S,0.599949646,4,BreissSundara
W AW D,0.847622257,4,BreissSundara
W AY SH,0.292693764,4,BreissSundara
W AY V,1.130779547,4,BreissSundara
W EH CH,0.675064485,4,BreissSundara
W EH SH,0.796409171,4,BreissSundara
W EH TH,0.762211339,4,BreissSundara
W ER B,0.640880631,4,BreissSundara
W ER G,0.345882038,4,BreissSundara
W ER JH,0.433404289,4,BreissSundara
W EY P,0.317324962,4,BreissSundara
W IY CH,0.561868062,4,BreissSundara
W IY DH,0.629215244,4,BreissSundara
W IY M,0.725803352,4,BreissSundara
W OW B,-0.2627888,4,BreissSundara
W OW F,0.668199994,4,BreissSundara
W UW V,0.299713838,4,BreissSundara
Y AA CH,-0.4851878,4,BreissSundara
Y AA DH,-1.322110525,4,BreissSundara
Y AA TH,-1.303436816,4,BreissSundara
Y AE B,0.640357085,4,BreissSundara
Y AE Z,0.650736712,4,BreissSundara
Y AH B,-0.067638502,4,BreissSundara
Y AH K,1.583630307,4,BreissSundara
Y AH P,1.838953778,4,BreissSundara
Y AO M,0.098475143,4,BreissSundara
Y AO S,-0.295061697,4,BreissSundara
Y AO Z,-0.080801558,4,BreissSundara
Y EH F,0.310623972,4,BreissSundara
Y EH SH,0.617337986,4,BreissSundara
Y ER M,0.671380755,4,BreissSundara
Y ER P,1.035645785,4,BreissSundara
Y ER T,1.292291294,4,BreissSundara
Y EY G,-0.746412116,4,BreissSundara
Y IY G,-0.531491172,4,BreissSundara
Y IY JH,-1.024417034,4,BreissSundara
Y IY V,-0.832177684,4,BreissSundara
Y UH D,0.052049306,4,BreissSundara
Z AY D,0.272796527,4,BreissSundara
Z AY P,0.662745806,4,BreissSundara
Z EH B,0.632836398,4,BreissSundara
Z EY T,0.271174143,4,BreissSundara
Z IH DH,-0.809660661,4,BreissSundara
Z IH TH,0.513849208,4,BreissSundara
Z IH V,-0.6996712,4,BreissSundara
Z IH ZH,-3.364468773,4,BreissSundara
Z UH T,-0.510722503,4,BreissSundara
ZH AH R,-0.310331539,4,BreissSundara
ZH AW L,-0.838270891,4,BreissSundara
ZH AW R,-1.055834465,4,BreissSundara
ZH EY B,-1.681924989,4,BreissSundara
ZH EY D,-0.534529659,4,BreissSundara
ZH EY JH,-1.659015322,4,BreissSundara
ZH EY M,-0.837003898,4,BreissSundara
ZH EY S,-0.128604377,4,BreissSundara
ZH EY T,-2.835411516,4,BreissSundara
ZH EY V,-2.036629731,4,BreissSundara
ZH EY Z,-2.518079039,4,BreissSundara
ZH OW B,-0.914438885,4,BreissSundara
ZH OW F,-1.452495097,4,BreissSundara
ZH OW SH,-1.780680214,4,BreissSundara
ZH UH D,-1.538478479,4,BreissSundara
ZH UW B,-1.177457344,4,BreissSundara
IH R D EY T AW ,1,5,HWSalad
AE CH IH B ,1,5,HWSalad
EH CH ,1,5,HWSalad
R AY JH AY AH ,1,5,HWSalad
JH AY ,1,5,HWSalad
P AO M ,1,5,HWSalad
AO B OW ,1,5,HWSalad
AO P IY G ,1,5,HWSalad
OW K EH V ,1,5,HWSalad
N AH L AH M T ,1,5,HWSalad
AH M S ,1,5,HWSalad
AH M S T ,1,5,HWSalad
AH L M T ,1,5,HWSalad
N IH M T ,1,5,HWSalad
AH L AY T AH M T AH P S IH N IY Z AH ,1,5,HWSalad
AH S T M EH M T EH S IH M ER T ,1,5,HWSalad
R EH M T IH R S N AH N ,1,5,HWSalad
V AH L TH ,1,5,HWSalad
S P N T R AH ,1,5,HWSalad
EH S AH F N T AH ,1,5,HWSalad
CH UW ,1,5,HWSalad
AA JH AE S IY ,1,5,HWSalad
AH Z AA G AE ,1,5,HWSalad
OW Z EH S ,1,5,HWSalad
AY Z ,1,5,HWSalad
OW Z ,1,5,HWSalad
AE ZH ,1,5,HWSalad
AE N Z AE ,1,5,HWSalad
T AY G ,1,5,HWSalad
W AW ,1,5,HWSalad
AH S N R AH ,1,5,HWSalad
K R L N AH ,1,5,HWSalad
N IH N R S ,1,5,HWSalad
IH N R IY AH ,1,5,HWSalad
F AH N N AH ,1,5,HWSalad
K IH L L AH ,1,5,HWSalad
EY N N T AH ,1,5,HWSalad
K AH N R IY ,1,5,HWSalad
K IH K L N ,1,5,HWSalad
AH L L ER S ,1,5,HWSalad
EY N R AH L ,1,5,HWSalad
S N N SH AH ,1,5,HWSalad
S L L T IY ,1,5,HWSalad
AA L R N AH ,1,5,HWSalad
S EH L L T ,1,5,HWSalad
L AH T AH N N IH L ,1,5,HWSalad
AH N N S AH K R S ,1,5,HWSalad
L AH M AH N R P T ,1,5,HWSalad
L AH N R N SH IH T ,1,5,HWSalad
T R AH K M N AE T ,1,5,HWSalad
AH L N ER V R K AH ,1,5,HWSalad
N AH L N IH L ,1,5,HWSalad
T R IH L N T ,1,5,HWSalad
IH N IH N R S ,1,5,HWSalad
IH N N D R AH ,1,5,HWSalad
IH R N R S K ,1,5,HWSalad
R AH N N AO S ,1,5,HWSalad
S N N K R M ,1,5,HWSalad
IH N N T EY L ,1,5,HWSalad
N EY N N IH K ,1,5,HWSalad
M EH L R S AH ,1,5,HWSalad
EY N L AH N D ,1,5,HWSalad
P AH N N AE K ,1,5,HWSalad
IH L R N ER K ,1,5,HWSalad
AH K AA S AH L N T AH L AE ,1,5,HWSalad
S N N D EH M ER AH K AH K ,1,5,HWSalad
P AH K IY D EH L N ER AH L ,1,5,HWSalad
L AH N R L AE S IH T ,1,5,HWSalad
D AH M R N AH L AO K ,1,5,HWSalad
L IH V IY L N IY AH S ,1,5,HWSalad
L AY AH L N IY S ER N ,1,5,HWSalad
AH L N ,1,5,HWSalad
IH L N ,1,5,HWSalad
S L N ,1,5,HWSalad
K L N ,1,5,HWSalad
T AE T AH N R S ,1,5,HWSalad
N AH B L L IY AH ,1,5,HWSalad
F AH K L L AH K ,1,5,HWSalad
AE K N L M AH N ,1,5,HWSalad
K AH L L EH P T ,1,5,HWSalad
AH N N AH ,1,5,HWSalad
AH N L AH ,1,5,HWSalad
AH L N T ,1,5,HWSalad
AH M R AH ,1,5,HWSalad
AH M R T ,1,5,HWSalad
K L N T ,1,5,HWSalad
AH D L N ,1,5,HWSalad
D AH L N ,1,5,HWSalad
ER N R AH ,1,5,HWSalad
AH N L AE ,1,5,HWSalad
S N N D ,1,5,HWSalad
P L R AH ,1,5,HWSalad
AH L R B ,1,5,HWSalad
AH L L AE ,1,5,HWSalad
AH M N D ,1,5,HWSalad
AH M L IY B S M AH L IH S L AH ,1,5,HWSalad
S IY AH M F L K N N S ,1,5,HWSalad
G AO N R EY ,1,5,HWSalad
S K IY L L OY ,1,5,HWSalad
S M L AW ,1,5,HWSalad
OW M N TH ,1,5,HWSalad
AH S N OW AH ,1,5,HWSalad
AH T OW AH ,1,5,HWSalad
AO S UH R IH B ,1,5,HWSalad
S UH L F ,1,5,HWSalad
Y EY S ,1,5,HWSalad
D EY P D AE R AE ,1,5,HWSalad
AH S R T ER ,1,5,HWSalad
T AH K N AW AH S R T ,1,5,HWSalad
EH L S R AH K AH ,1,5,HWSalad
D AO N AH S R AH ,1,5,HWSalad
EH S R AH ,1,5,HWSalad
S AY ER EY ,1,5,HWSalad
K UW ER AE ,1,5,HWSalad
D AY ER AE ,1,5,HWSalad
OY ,1,5,HWSalad
OY T ,1,5,HWSalad
OY S ,1,5,HWSalad
T UH N T ,1,5,HWSalad
AH JH AH ,1,5,HWSalad
JH AH ,1,5,HWSalad
AH CH AE ,1,5,HWSalad
CH AE ,1,5,HWSalad
R AE ZH IY AH ,1,5,HWSalad
ER AY IY ,1,5,HWSalad
N AW IH L ,1,5,HWSalad
TH EY K ,1,5,HWSalad
CH R B IH F ER ,1,5,HWSalad
JH R CH ,1,5,HWSalad
CH R T AE ,1,5,HWSalad
AH S AH D N AH N AH ,1,5,HWSalad
N IY AH N D N AH S IY ,1,5,HWSalad
AH D N T ,1,5,HWSalad
D EY N D IH N AW ,1,5,HWSalad
AH M AH N AE ,1,5,HWSalad
AH N AE ,1,5,HWSalad
R AH N AE ,1,5,HWSalad
N AE ,1,5,HWSalad
N EY ,1,5,HWSalad
K EY K EY SH ,1,5,HWSalad
P IY SH ,1,5,HWSalad
D EY SH ,1,5,HWSalad
TH AE T R K ,1,5,HWSalad
TH AE N ,1,5,HWSalad
TH AE L AH ,1,5,HWSalad
TH AE ,1,5,HWSalad
F L F OW ,1,5,HWSalad
TH ER V OW ,1,5,HWSalad
AA G L EY W IY ,1,5,HWSalad
K IH T AH T AY ,1,5,HWSalad
AE R T OY ,1,5,HWSalad
Z AY ,1,5,HWSalad
T OY ,1,5,HWSalad
S OY ,1,5,HWSalad
S L IY EY HH ,1,5,HWSalad
K L HH W IH R ,1,5,HWSalad
G IY AH K AE HH ,1,5,HWSalad
ER N HH ,1,5,HWSalad
ER AE HH ,1,5,HWSalad
G L HH ,1,5,HWSalad
F IY HH ,1,5,HWSalad
IY F HH ,1,5,HWSalad
AH N OW HH ,1,5,HWSalad
L OW HH AH ,1,5,HWSalad
M IH M HH ,1,5,HWSalad
IY HH AH V ,1,5,HWSalad
EH D L HH ,1,5,HWSalad
F L IH HH ,1,5,HWSalad
EH HH ,1,5,HWSalad
ER HH ,1,5,HWSalad
AW ,1,5,HWSalad
AW ER K ,1,5,HWSalad
AW N ,1,5,HWSalad
AW T ,1,5,HWSalad
AW S ,1,5,HWSalad
AW R ,1,5,HWSalad
AW L ,1,5,HWSalad
L IH K AH D K N AO T AH D ,1,5,HWSalad
IH L AE K AO D G UW Z ,1,5,HWSalad
ER D K UW ,1,5,HWSalad
S T R G S N AH S ,1,5,HWSalad
AH G S AH ,1,5,HWSalad
AY TH ER P AE ,1,5,HWSalad
AY TH ,1,5,HWSalad
AH N ER ER N ,1,5,HWSalad
D EY D OW ER ,1,5,HWSalad
V EY ER ,1,5,HWSalad
W ER ER ,1,5,HWSalad
HH EY ER ,1,5,HWSalad
Z ER M ,1,5,HWSalad
Z AO K ,1,5,HWSalad
JH UW OW M ,1,5,HWSalad
G ER B IY S Y ER ,1,5,HWSalad
OW N Y EH Z ,1,5,HWSalad
CH EH Z ,1,5,HWSalad
AH N AH N K ,1,5,HWSalad
M IH K N K ,1,5,HWSalad
AH N K ,1,5,HWSalad
T IH N K ,1,5,HWSalad
IH S N K ,1,5,HWSalad
K IY D L AH P K AH ,1,5,HWSalad
AH P K ,1,5,HWSalad
AA F K ,1,5,HWSalad
G IY P K ,1,5,HWSalad
AE P K UW ,1,5,HWSalad
M P AH S AH ,1,5,HWSalad
S T SH AH T ,1,5,HWSalad
AA K CH ,1,5,HWSalad
K AE S CH ,1,5,HWSalad
AH R AH N S ,1,5,HWSalad
AH R AH S T ,1,5,HWSalad
EH R AH R N ,1,5,HWSalad
T AY S AH R AH K AH K IH R AH T R S UW ,1,5,HWSalad
B AH T AH R N T AE T EH L IH S EH B AY ,1,5,HWSalad
AH R K AH S AH T IY AA M AH L ,1,5,HWSalad
IH N S N S N AH R B L EY D ,1,5,HWSalad
AH D EH N ER L AH R ,1,5,HWSalad
N IH N AH R M EH B ,1,5,HWSalad
N AH R S T AH ,1,5,HWSalad
T AH R IH L M ,1,5,HWSalad
T ER K T AH R ,1,5,HWSalad
EH R AH D AH R ,1,5,HWSalad
AH R EY N S T ,1,5,HWSalad
K AH R T AY AH ,1,5,HWSalad
EY N S AH R S ,1,5,HWSalad
D AH R P AH L ,1,5,HWSalad
P IH T IY AH R ,1,5,HWSalad
M AH R K IY S ,1,5,HWSalad
HH AH R AH K AH ,1,5,HWSalad
AH K N AH R AH NG G N AH T ,1,5,HWSalad
R EY K R AH L M AH R ,1,5,HWSalad
AH R N ,1,5,HWSalad
N AH R ,1,5,HWSalad
AH R T ,1,5,HWSalad
T AH R ,1,5,HWSalad
AH R S ,1,5,HWSalad
R AH R ,1,5,HWSalad
L AH R ,1,5,HWSalad
AH R K ,1,5,HWSalad
K AH R ,1,5,HWSalad
M AH R ,1,5,HWSalad
AH R M ,1,5,HWSalad
AH R D ,1,5,HWSalad
B AH R ,1,5,HWSalad
AH R AE ,1,5,HWSalad
T AH R N IH N S ,1,5,HWSalad
S IH T AH R EY T ,1,5,HWSalad
ER L V AH R AH N ,1,5,HWSalad
AH R N AH ,1,5,HWSalad
AH R T AH ,1,5,HWSalad
AH R S AH ,1,5,HWSalad
S AH R AH ,1,5,HWSalad
R AH R AH ,1,5,HWSalad
AH R IH T ,1,5,HWSalad
S AH R N ,1,5,HWSalad
AH R IY AH ,1,5,HWSalad
AH M AH R ,1,5,HWSalad
AH R K T ,1,5,HWSalad
L AH R S ,1,5,HWSalad
D AH R N ,1,5,HWSalad
K AH R IY ,1,5,HWSalad
AH R P T ,1,5,HWSalad
B AH R T ,1,5,HWSalad
AH R EH K ,1,5,HWSalad
AH R ,1,5,HWSalad
G AH S F L EH N S AH S AH R IY K AH D IH CH ,1,5,HWSalad
AA S T OW L ER NG ,1,5,HWSalad
AH K ER NG ,1,5,HWSalad
ER NG ,1,5,HWSalad
R IY NG ,1,5,HWSalad
AH K IH T AA ,1,5,HWSalad
AH S M AH N AA ,1,5,HWSalad
AH N AO ,1,5,HWSalad
AH N AA ,1,5,HWSalad
AH N IY T AH K AO ,1,5,HWSalad
D IH K Y AO ,1,5,HWSalad
D AA M ER AA ,1,5,HWSalad
EY T EH N Z AO ,1,5,HWSalad
AH P SH ER P AO ,1,5,HWSalad
ER EY L AO L AO ,1,5,HWSalad
AH P L UW G AA ,1,5,HWSalad
AA K AO ,1,5,HWSalad
G L AO ,1,5,HWSalad
F ER AA ,1,5,HWSalad
AH TH AA ,1,5,HWSalad
SH AH T M AY D AA ,1,5,HWSalad
L OW S AO ,1,5,HWSalad
M EY S AA ,1,5,HWSalad
R UW S AO ,1,5,HWSalad
B AY S AO ,1,5,HWSalad
D OW K AA ,1,5,HWSalad
W AE R AA ,1,5,HWSalad
M AY ER AA ,1,5,HWSalad
W AO ,1,5,HWSalad
W AA ,1,5,HWSalad
AA F F R S ,1,5,HWSalad
P R P EY N F F AE N ,1,5,HWSalad
IH S TH ,1,5,HWSalad
AE S TH ,1,5,HWSalad
AH S S IY K ,1,5,HWSalad
F AH S S AH ,1,5,HWSalad
IH S S K S ,1,5,HWSalad
AH N IH L M B ER S S IH N JH ,1,5,HWSalad
D ER L K S S N AH ,1,5,HWSalad
AH S AH S SH AH ,1,5,HWSalad
S T AH S S IY ,1,5,HWSalad
AH S S N IY L ,1,5,HWSalad
EH N T AO S S AH ,1,5,HWSalad
IH S S EH N IH P ,1,5,HWSalad
ER B W ER ,1,5,HWSalad
V R AA B AH JH ,1,5,HWSalad
V R P ER ,1,5,HWSalad
V R L OY ,1,5,HWSalad
ER B R W IY G W ER ,1,5,HWSalad
K AW K ,1,5,HWSalad
K N IH R T ,1,5,HWSalad
K N T IY S ,1,5,HWSalad
K T AH M AH T ,1,5,HWSalad
K N K AH L T ,1,5,HWSalad
K T R L S K ,1,5,HWSalad
K N AH ,1,5,HWSalad
K T AH ,1,5,HWSalad
K N S ,1,5,HWSalad
K M AH ,1,5,HWSalad
K N IY ,1,5,HWSalad
K N AH N K AH T ,1,5,HWSalad
K N AH N ,1,5,HWSalad
K N AH K ,1,5,HWSalad
K T IH N ,1,5,HWSalad
K T R N ,1,5,HWSalad
K T IY T ,1,5,HWSalad
K T ,1,5,HWSalad
K T AE TH ,1,5,HWSalad
HH P T EH S ,1,5,HWSalad
HH K AE R ,1,5,HWSalad
AY F OW SH EH T ,1,5,HWSalad
IY N AH L K ,1,5,HWSalad
T IY N K D IH B IH M AH L ,1,5,HWSalad
TH IH N K D OW ,1,5,HWSalad
AH N IH K K ,1,5,HWSalad
M IH N K K ,1,5,HWSalad
R AH K K AH SH ,1,5,HWSalad
S K K ,1,5,HWSalad
S AH K K ,1,5,HWSalad
F AY AE S K K AE ,1,5,HWSalad
Y AO K K ,1,5,HWSalad
Z UW ,1,5,HWSalad
R UW OW ,1,5,HWSalad
AH S N D AH L IY N B L AY ,1,5,HWSalad
S N B AH ,1,5,HWSalad
B AE SH IH R Z ,1,5,HWSalad
EH R DH ,1,5,HWSalad
EH P R Z ,1,5,HWSalad
M AW R Z ,1,5,HWSalad
S AH K N IY IH T IH K R V AH JH ,1,5,HWSalad
L IH L AH M D AH N F IY ,1,5,HWSalad
EY AA K IY ,1,5,HWSalad
NG AA N ,1,5,HWSalad
NG AE K S ,1,5,HWSalad
NG IY ,1,5,HWSalad
NG ER ,1,5,HWSalad
S L T IH B T ,1,5,HWSalad
AH B T ,1,5,HWSalad
IY ER EY Z AA T ,1,5,HWSalad
M AW AE R ,1,5,HWSalad
L UW N K N ZH ,1,5,HWSalad
AH K M ,1,5,HWSalad
IY T L AH ,1,5,HWSalad
T AH N P ,1,5,HWSalad
T IH N P ,1,5,HWSalad
Z W EY K ,1,5,HWSalad
IH P AH ,1,5,HWSalad
HH AH F M AH NG ,1,5,HWSalad
S L K AW B ,1,5,HWSalad
M OW K EY AO T ,1,5,HWSalad
AA G EH SH K S ,1,5,HWSalad
SH M AA N F AY ,1,5,HWSalad
SH P IY ,1,5,HWSalad
SH P UW ,1,5,HWSalad
V UW ,1,5,HWSalad
TH IH K OW AA S ,1,5,HWSalad
R OW AA D ,1,5,HWSalad
S TH AH G ,1,5,HWSalad
S TH L AE ,1,5,HWSalad
G L G ,1,5,HWSalad
JH IY AA ,1,5,HWSalad
IY T S ,1,5,HWSalad
AY V OW S EY F IY AH K ,1,5,HWSalad
IY R S IH N ER EY AH S K T ,1,5,HWSalad
S R AH M AH T ,1,5,HWSalad
S R T IY K S ,1,5,HWSalad
S R N ,1,5,HWSalad
S R K ,1,5,HWSalad
S R AH N ,1,5,HWSalad
S R N AH ,1,5,HWSalad
S R T AH ,1,5,HWSalad
S R AW ,1,5,HWSalad
OW SH OW S ,1,5,HWSalad
AH S T N OW AH S F IY S ,1,5,HWSalad
AY AO L AE ,1,5,HWSalad
AY OW SH AH ,1,5,HWSalad
Z AE K EY F AE K ,1,5,HWSalad
W Y ER N ,1,5,HWSalad
V EY OW P EY L B ,1,5,HWSalad
B OY P ,1,5,HWSalad
TH ER OY B ,1,5,HWSalad
AE N OY P R T IY AE R T ,1,5,HWSalad
EH L N T R V AH T ,1,5,HWSalad
SH UW G AY K ,1,5,HWSalad
S EH G JH R AY ,1,5,HWSalad
S IH R UW R JH EY D ,1,5,HWSalad
M L S N ER AH ,1,5,HWSalad
JH EY T AW S AH ,1,5,HWSalad
AA NG SH EY SH EH G ,1,5,HWSalad
AH F AH JH IY G EY Y ER K N S ,1,5,HWSalad
AH S V AH S ,1,5,HWSalad
S K S B AH ,1,5,HWSalad
IY R M IY TH ,1,5,HWSalad
D EY L AH T S T S K ,1,5,HWSalad
IH B AH T N S IY D ,1,5,HWSalad
V W ER ,1,5,HWSalad
AY HH AE ,1,5,HWSalad
AY HH ,1,5,HWSalad
AO N P OY D AH L ,1,5,HWSalad
AH B AH K EH ,1,5,HWSalad
S T R L EH ,1,5,HWSalad
AH S EH ,1,5,HWSalad
AH L EH ,1,5,HWSalad
IH T EH ,1,5,HWSalad
S T EH ,1,5,HWSalad
T EH ,1,5,HWSalad
S EH ,1,5,HWSalad
R EH ,1,5,HWSalad
L EH ,1,5,HWSalad
K EH ,1,5,HWSalad
SH AA V OW K EH ,1,5,HWSalad
AA B EH ,1,5,HWSalad
V IY M ER AA B EH ,1,5,HWSalad
G IY B EH ,1,5,HWSalad
D EY SH EH ,1,5,HWSalad
S AH S IY OW AH L AH M L D ,1,5,HWSalad
JH AA F AH N Z EY AE T ,1,5,HWSalad
V EY AE R ,1,5,HWSalad
K EY AE F ,1,5,HWSalad
T EY T TH ,1,5,HWSalad
S AH B AH K OW S AH S IH K N ,1,5,HWSalad
L AH K AH S N ,1,5,HWSalad
T AY AH L K N ,1,5,HWSalad
EY K AH S K IH R S N ,1,5,HWSalad
AH S N ,1,5,HWSalad
IH S N ,1,5,HWSalad
EH S N ,1,5,HWSalad
ER T AA R AH S N ,1,5,HWSalad
D AH S N ,1,5,HWSalad
K L S N ,1,5,HWSalad
N IY K N ,1,5,HWSalad
EH N K N ,1,5,HWSalad
S N ,1,5,HWSalad
EY T L L AH S ,1,5,HWSalad
AH M L T AH T L AA N ,1,5,HWSalad
AH V IH S T L R S EY ,1,5,HWSalad
AO S L N T L T ,1,5,HWSalad
D R AA Z V AY IH T ,1,5,HWSalad
R ER AH N ,1,5,HWSalad
R ER ,1,5,HWSalad
AA DH IY ,1,5,HWSalad
R AH L IY S M ,1,5,HWSalad
K ER AH N S M ,1,5,HWSalad
AH S M ,1,5,HWSalad
S M ,1,5,HWSalad
B EY AH S R AH ,1,5,HWSalad
CH EY M L S ,1,5,HWSalad
L EH M Y ,1,5,HWSalad
V Y ,1,5,HWSalad
F Y ,1,5,HWSalad
G Y ,1,5,HWSalad
T R N M IY R ,1,5,HWSalad
AH N P T S ,1,5,HWSalad
IH P N AH D ,1,5,HWSalad
IH P N AH ,1,5,HWSalad
EY CH ,1,5,HWSalad
ZH AH S ,1,5,HWSalad
ZH AH ,1,5,HWSalad
IH T K M AH ,1,5,HWSalad
N AH N T K T R AE ,1,5,HWSalad
T AH T K AH N ,1,5,HWSalad
ER N T K S AH ,1,5,HWSalad
IH L T AH K T K L F ,1,5,HWSalad
EH R T K IH V ER T AH ,1,5,HWSalad
P AW T K T ,1,5,HWSalad
S EH T N AH K AY N ,1,5,HWSalad
OW ER N Z ER ,1,5,HWSalad
T OW IH T R IH T AH ,1,5,HWSalad
M OW IY ,1,5,HWSalad
P OW IY ,1,5,HWSalad
T IH NG V EH B AH ,1,5,HWSalad
D OW EH K ,1,5,HWSalad
R IH NG P ,1,5,HWSalad
NG P EY T ,1,5,HWSalad
AH M K ,1,5,HWSalad
ER AH M K AH L ER ,1,5,HWSalad
AH M K S ,1,5,HWSalad
AE M K AH NG ,1,5,HWSalad
TH IH M K EY ,1,5,HWSalad
Y EY ,1,5,HWSalad
AH S R L ,1,5,HWSalad
EH T N M AH N ,1,5,HWSalad
ER AO B ,1,5,HWSalad
ER AW ,1,5,HWSalad
IY N CH AE ,1,5,HWSalad
W UW L K ER AY ,1,5,HWSalad
AH S K S S ,1,5,HWSalad
T IH L S S ,1,5,HWSalad
AH S S ,1,5,HWSalad
D IY D R M B JH EY ,1,5,HWSalad
CH EY ,1,5,HWSalad
D IH P OY EY S ,1,5,HWSalad
R T R L AH ,1,5,HWSalad
R S L IH R ,1,5,HWSalad
R P S L AH ,1,5,HWSalad
N K IY M AH ,1,5,HWSalad
N K M AH T AH S K ,1,5,HWSalad
R S T AH N F L AE ,1,5,HWSalad
R N K L AH L ,1,5,HWSalad
R N S M AH B ER D AH ,1,5,HWSalad
R N AH ,1,5,HWSalad
R T AH ,1,5,HWSalad
N K AH ,1,5,HWSalad
R S AH ,1,5,HWSalad
R K AH ,1,5,HWSalad
L K AH ,1,5,HWSalad
N K T ,1,5,HWSalad
R N S ,1,5,HWSalad
R S T ,1,5,HWSalad
N K S ,1,5,HWSalad
R M AH ,1,5,HWSalad
L M AH ,1,5,HWSalad
L K T ,1,5,HWSalad
R K S ,1,5,HWSalad
R N K L S T AH ,1,5,HWSalad
R N AE R N AH B ,1,5,HWSalad
R S T AH ,1,5,HWSalad
R T R AH ,1,5,HWSalad
R N K AH ,1,5,HWSalad
R S AH S ,1,5,HWSalad
R K R AH ,1,5,HWSalad
R M AH N ,1,5,HWSalad
R M AH T ,1,5,HWSalad
R T AH M ,1,5,HWSalad
R S IH T ,1,5,HWSalad
R S L T ,1,5,HWSalad
R S AH M ,1,5,HWSalad
R N AH P ,1,5,HWSalad
R K S T ,1,5,HWSalad
N K AH B ,1,5,HWSalad
R K L T ,1,5,HWSalad
R K IH S ,1,5,HWSalad
R S IY T ,1,5,HWSalad
R N ,1,5,HWSalad
R T ,1,5,HWSalad
R S ,1,5,HWSalad
R M ,1,5,HWSalad
L M ,1,5,HWSalad
R TH IY ,1,5,HWSalad
R TH ER ,1,5,HWSalad
TH L AE B ,1,5,HWSalad
JH OW ,1,5,HWSalad
Z IY N W AY AH ,1,5,HWSalad
L OW M TH ,1,5,HWSalad
SH ER AE ,1,5,HWSalad
EY R S N AH ,1,5,HWSalad
N AH B AH K S EY R T ,1,5,HWSalad
EY R G AH TH ,1,5,HWSalad
EY R EH G ,1,5,HWSalad
S EY R TH ,1,5,HWSalad
AH D S ,1,5,HWSalad
AH N M S ,1,5,HWSalad
Y R OW ,1,5,HWSalad
W R CH ,1,5,HWSalad
P AO K EH N Y R ,1,5,HWSalad
W R P OW ,1,5,HWSalad
Y R AA F ,1,5,HWSalad
EY ER B ,1,5,HWSalad
P AH L AH P N M AH ,1,5,HWSalad
EH CH AY ,1,5,HWSalad
S N L AH T S ,1,5,HWSalad
IH N T IH AA K AH S ,1,5,HWSalad
Y AH M IH AA T UW ,1,5,HWSalad
ER K HH ,1,5,HWSalad
T EY T AH B N N T ,1,5,HWSalad
AA B N AH N IH M N S ,1,5,HWSalad
S AH B N L S AH ,1,5,HWSalad
AH N P N ER ,1,5,HWSalad
G AW R L P N D AH ,1,5,HWSalad
AA W EH T ,1,5,HWSalad
IH M S AW D ,1,5,HWSalad
K CH ER ,1,5,HWSalad
IY S R AH ,1,5,HWSalad
V OW R ,1,5,HWSalad
OW R IH G ,1,5,HWSalad
R IH T R R AH ,1,5,HWSalad
T R R T ,1,5,HWSalad
IH R R T ,1,5,HWSalad
ER B R R L S N EH N AH ,1,5,HWSalad
L IH K AH L K T R R UW ,1,5,HWSalad
N AY S N UW P L ER P AH ZH ,1,5,HWSalad
AY N AY IY OW T ,1,5,HWSalad
IH NG SH ,1,5,HWSalad
EH N R N M AH ,1,5,HWSalad
G L N M AH K IH K AH ,1,5,HWSalad
AH T N L AH ,1,5,HWSalad
ER T N N T ,1,5,HWSalad
S T N N IH N ,1,5,HWSalad
S T N N IH S ,1,5,HWSalad
T IH T N R AA T ,1,5,HWSalad
IH K AH L N IY B ,1,5,HWSalad
AH L P S L R T AH ,1,5,HWSalad
S L N P AH N ,1,5,HWSalad
AH L L P ,1,5,HWSalad
T AO HH ,1,5,HWSalad
S N UW HH ,1,5,HWSalad
EH T AO HH ,1,5,HWSalad
N UW HH OW ,1,5,HWSalad
IH S K N N T AO P IH K AH D ,1,5,HWSalad
AA V AE ,1,5,HWSalad
T IH T M Y K ER AH K AH ,1,5,HWSalad
Y F AH N UW ,1,5,HWSalad
Y M AO L D ,1,5,HWSalad
Y G N F IH P ,1,5,HWSalad
K Y B ,1,5,HWSalad
Y K OW ,1,5,HWSalad
HH W M ,1,5,HWSalad
Y F IY L ,1,5,HWSalad
W V ,1,5,HWSalad
Y V ,1,5,HWSalad
K AY IY G ,1,5,HWSalad
AE M T AA M IH T R IH D L L AH M IH L ,1,5,HWSalad
AH M T EY L N ,1,5,HWSalad
AH T M L IH M T ,1,5,HWSalad
L W ER ,1,5,HWSalad
N W OW ,1,5,HWSalad
L W AY ,1,5,HWSalad
CH OW T AY ,1,5,HWSalad
AH N L S F N T ,1,5,HWSalad
AH T M P N R K ,1,5,HWSalad
Y EY M SH AH ,1,5,HWSalad
AA CH ,1,5,HWSalad
JH R EH S EY F ,1,5,HWSalad
R IY AH M S R N AO N ,1,5,HWSalad
IH N UH M ,1,5,HWSalad
AY Z ER T ER AY G ,1,5,HWSalad
AW D ,1,5,HWSalad
B UH SH AY IY ER M ,1,5,HWSalad
AH K P R AH ,1,5,HWSalad
AH N N N S ,1,5,HWSalad
AH M N R T ,1,5,HWSalad
N IH L L N ,1,5,HWSalad
T R S IH N N R B ,1,5,HWSalad
AH D EH N R K L N ,1,5,HWSalad
L IH T M N N ER T ,1,5,HWSalad
AH N L R IH S ,1,5,HWSalad
AH S AA M R AH N L AH ,1,5,HWSalad
S L N AO S IH N R AH ,1,5,HWSalad
S AE S AH K M L N S ,1,5,HWSalad
ER N N D L IH S L N ,1,5,HWSalad
EH T AE L L L AH ,1,5,HWSalad
AH S OW L R IH R AE T ER AH L R IH D ,1,5,HWSalad
N IY AH D EH N N L AH N ,1,5,HWSalad
P AH L R K ER L N V AH ,1,5,HWSalad
JH OW ER N ,1,5,HWSalad
CH ER T N AY ,1,5,HWSalad
IH D R V R NG K ,1,5,HWSalad
IH P AO R HH ,1,5,HWSalad
EH D NG SH AH ,1,5,HWSalad
ER S NG S AE M ,1,5,HWSalad
D AH N IH S L AE ER ,1,5,HWSalad
CH AH S AE ER CH IY ,1,5,HWSalad
ER K AA G T EY ,1,5,HWSalad
P ER Z ,1,5,HWSalad
W OW S EH D EY M AH K IH S OW L AA G Z ,1,5,HWSalad
S IH G Z ,1,5,HWSalad
AE N G Z ,1,5,HWSalad
OY Z IY ,1,5,HWSalad
AY R HH ,1,5,HWSalad
G N JH ,1,5,HWSalad
G N OW ,1,5,HWSalad
ER AE F EH SH IY R T UW AH ,1,5,HWSalad
AA V AH Z ,1,5,HWSalad
AO D AO ,1,5,HWSalad
AO D R AA ,1,5,HWSalad
EY F AE ,1,5,HWSalad
AE TH N AE ,1,5,HWSalad
EY L EH W AE ,1,5,HWSalad
AH K AH L D S R T ,1,5,HWSalad
AH T AH D S R K ,1,5,HWSalad
S OW K AY T AY ,1,5,HWSalad
IH M CH ,1,5,HWSalad
S L EY AH R ,1,5,HWSalad
N IY W EY D EH G D AH M ,1,5,HWSalad
R B ,1,5,HWSalad
JH AE R JH AE R ER ER ,1,5,HWSalad
T AH N IY D N R IY ,1,5,HWSalad
AH D N N AE K ,1,5,HWSalad
EH S L N D N AH N K T ,1,5,HWSalad
HH P T R V ,1,5,HWSalad
IY L AH R IY ,1,5,HWSalad
M W ER ,1,5,HWSalad
M W AE ,1,5,HWSalad
AH D IH S D ,1,5,HWSalad
AH S D ,1,5,HWSalad
L IY B S AH R L ,1,5,HWSalad
N AH R L ,1,5,HWSalad
T AH R L ,1,5,HWSalad
OW JH AH F F ER ,1,5,HWSalad
AH T T IH S ,1,5,HWSalad
IH R N T T ,1,5,HWSalad
AA N AH T T ,1,5,HWSalad
K AH T T EY ,1,5,HWSalad
T ER L T T ,1,5,HWSalad
AH K AA T T ,1,5,HWSalad
P IH R T T ,1,5,HWSalad
ER L M AH T T ,1,5,HWSalad
IH T T ,1,5,HWSalad
EH T T ,1,5,HWSalad
AH S T M AH T T ,1,5,HWSalad
R IY AH K IY T T ,1,5,HWSalad
S K ER T T R IY ,1,5,HWSalad
AH N T T ,1,5,HWSalad
IH R T T ,1,5,HWSalad
L IH T T ,1,5,HWSalad
EH N T T ,1,5,HWSalad
AE AH S N AH ,1,5,HWSalad
AE AH T ,1,5,HWSalad
S AE AH ,1,5,HWSalad
AE AH L ,1,5,HWSalad
AE AH K ,1,5,HWSalad
K AE AH ,1,5,HWSalad
P AE AH K IH L T ,1,5,HWSalad
IH K T AA N AE AH ,1,5,HWSalad
AH K AE AH ,1,5,HWSalad
IH S AE AH ,1,5,HWSalad
K AE AH N ,1,5,HWSalad
R AE AH S ,1,5,HWSalad
AE AH L S ,1,5,HWSalad
AE AH S K ,1,5,HWSalad
AH B AE AH ,1,5,HWSalad
SH AE AH P AY ,1,5,HWSalad
AE AH TH ,1,5,HWSalad
AH T UH ,1,5,HWSalad
L OW N UH ,1,5,HWSalad
N UH ,1,5,HWSalad
T UH ,1,5,HWSalad
IY DH AE JH ,1,5,HWSalad
OW F K ,1,5,HWSalad
EY K EY F K R OW ,1,5,HWSalad
EY AH N ,1,5,HWSalad
EY AH T ,1,5,HWSalad
EY AH N AH ,1,5,HWSalad
EY AH NG ,1,5,HWSalad
M P ER P ,1,5,HWSalad
EH Z AY ,1,5,HWSalad
S IH L AH P D ,1,5,HWSalad
AY ER K CH ,1,5,HWSalad
ER IY T UW AO P L T IH TH ,1,5,HWSalad
K T L AH N ,1,5,HWSalad
K T L K N D ,1,5,HWSalad
AY N AE TH IY AH R AA L ,1,5,HWSalad
K EH T N K ,1,5,HWSalad
P AH S K L ,1,5,HWSalad
AH T EH K T R P L ,1,5,HWSalad
AH K L ,1,5,HWSalad
IH K L ,1,5,HWSalad
S IH K L ,1,5,HWSalad
K L ,1,5,HWSalad
AH T EH L IH AE M AH ,1,5,HWSalad
IH T M ,1,5,HWSalad
S T M ,1,5,HWSalad
T AH N V ,1,5,HWSalad
S UW N V ,1,5,HWSalad
B EY N V ,1,5,HWSalad
ER T S T AH R ,1,5,HWSalad
IY S T AH R ,1,5,HWSalad
R AY EY ,1,5,HWSalad
L AY EY ,1,5,HWSalad
OW T IH N AH D K T ,1,5,HWSalad
AH N K AH R ER ,1,5,HWSalad
AH R ER N ,1,5,HWSalad
TH AA ,1,5,HWSalad
AH R P ,1,5,HWSalad
N AH R P ,1,5,HWSalad
R AH R P ,1,5,HWSalad
AH R L IY R T ,1,5,HWSalad
AH R IY R ,1,5,HWSalad
AH L L ,1,5,HWSalad
IH L R ,1,5,HWSalad
IH S L L ,1,5,HWSalad
AA M IH NG UW G ,1,5,HWSalad
NG OW ,1,5,HWSalad
IH D K T IH L L AH ,1,5,HWSalad
L AH D AH T S AO ,1,5,HWSalad
F T AO M ,1,5,HWSalad
S L AH D N AE ,1,5,HWSalad
F EH R K Z ,1,5,HWSalad
M Y ER K Z ,1,5,HWSalad
AH N AH L T ,0,5,HWSalad
N AH N IY AH ,0,5,HWSalad
AH N K AH L ,0,5,HWSalad
L AH K AH N ,0,5,HWSalad
T AH L AH K ,0,5,HWSalad
IH N S AH N ,0,5,HWSalad
AH N D AH T ,0,5,HWSalad
N AH T AH D ,0,5,HWSalad
R AH L K AH ,0,5,HWSalad
B AH T AH N ,0,5,HWSalad
IH T AH B AH ,0,5,HWSalad
AH N ER AH L ,0,5,HWSalad
T AH S AH P ,0,5,HWSalad
B AH T R AH ,0,5,HWSalad
S K N AH K ,0,5,HWSalad
AH P T AH K ,0,5,HWSalad
AH S AH L ER ,0,5,HWSalad
AH L IH B AH ,0,5,HWSalad
N AH T EH S ,0,5,HWSalad
AH T EH R N ,0,5,HWSalad
T AH T AH V ,0,5,HWSalad
S L T IH T ,0,5,HWSalad
N AH S IH M ,0,5,HWSalad
T IH T AH B ,0,5,HWSalad
L AH N IH M ,0,5,HWSalad
K AH N IY S ,0,5,HWSalad
N AH K R IY ,0,5,HWSalad
S L S N S ,0,5,HWSalad
AH T ER IH R ,0,5,HWSalad
N AH S IH B ,0,5,HWSalad
AH N S IH B ,0,5,HWSalad
T AH P AH M ,0,5,HWSalad
T AH N AA T ,0,5,HWSalad
L AH S AE N ,0,5,HWSalad
AE L AH N S ,0,5,HWSalad
N AH T R EY ,0,5,HWSalad
K AH D AH D ,0,5,HWSalad
K AH N ER K ,0,5,HWSalad
K R K IY AH ,0,5,HWSalad
B IH L S AH ,0,5,HWSalad
T R P AH K ,0,5,HWSalad
R AH P IH R ,0,5,HWSalad
AH L K EH L ,0,5,HWSalad
N UW AH S AH ,0,5,HWSalad
EH N K N S ,0,5,HWSalad
IH N S AE T ,0,5,HWSalad
ER L IY AH N ,0,5,HWSalad
S L M IH N ,0,5,HWSalad
P R AH S K ,0,5,HWSalad
IH N AO R AH ,0,5,HWSalad
N EH L IH S ,0,5,HWSalad
D R N IH S ,0,5,HWSalad
IH R AE N T ,0,5,HWSalad
SH AH K L AH ,0,5,HWSalad
AH F R IH N ,0,5,HWSalad
S N ER AH D ,0,5,HWSalad
B IH T M AH ,0,5,HWSalad
S T IY T IY ,0,5,HWSalad
N AH S AA K ,0,5,HWSalad
IH D R M AH ,0,5,HWSalad
K ER N AH M ,0,5,HWSalad
R AH D IH D ,0,5,HWSalad
N AH N AH S IY L ER ,0,5,HWSalad
AH N ER N AH N AE R ,0,5,HWSalad
T EY M AH S AH N T ,0,5,HWSalad
AE R IH R N T AH S ,0,5,HWSalad
L AH T IH R N AE L ,0,5,HWSalad
ER K IH B AH T AH K ,0,5,HWSalad
B L K R IH K L AH ,0,5,HWSalad
AH N D AH N D AY S ,0,5,HWSalad
L IY AH T IY AE B AH ,0,5,HWSalad
T AH T ER K UW L AH ,0,5,HWSalad
T ,0,5,HWSalad
S ,0,5,HWSalad
R ,0,5,HWSalad
L ,0,5,HWSalad
IY ,0,5,HWSalad
AH N AH N IH R ,0,5,HWSalad
L AH L S AH T ,0,5,HWSalad
AH K IH T AH L ,0,5,HWSalad
AH N AH L ER T ,0,5,HWSalad
EY N AH N AH T ,0,5,HWSalad
R AH F AH T AH ,0,5,HWSalad
AH B AH L M AH ,0,5,HWSalad
S T IH M AH S ,0,5,HWSalad
R AH K ER AH L ,0,5,HWSalad
IH L M AH N S ,0,5,HWSalad
K R N T IH S ,0,5,HWSalad
AH T AE R IH S ,0,5,HWSalad
AH S F AH L S ,0,5,HWSalad
AY S K AH N AH ,0,5,HWSalad
AH N IH S AA T ,0,5,HWSalad
S K N EY N AH ,0,5,HWSalad
N AH N S AO S ,0,5,HWSalad
R AY AH K AH N ,0,5,HWSalad
ER T IH R IH T ,0,5,HWSalad
K IH N K N IY ,0,5,HWSalad
K AH L AO L AH ,0,5,HWSalad
S ER AH N S IY ,0,5,HWSalad
EH N K IH S T ,0,5,HWSalad
AH L AE K L T ,0,5,HWSalad
B R S AH B AH ,0,5,HWSalad
N EH L S AH M ,0,5,HWSalad
IH K IH M AH M ,0,5,HWSalad
R AH N D L D ,0,5,HWSalad
S L EH K IH N ,0,5,HWSalad
K IH S IY ER AH ,0,5,HWSalad
ER N K N T IY ,0,5,HWSalad
AH P L T AH V ,0,5,HWSalad
IH T IH L AE K ,0,5,HWSalad
AH K ER S L IY ,0,5,HWSalad
R AH K R N AH S K EH S AH ,0,5,HWSalad
S T R EH T IH N AH T ,0,5,HWSalad
AE R IH K S N AH T AH ,0,5,HWSalad
K L M IH R EH L M AH ,0,5,HWSalad
S ER AH P AA N IY N AH ,0,5,HWSalad
S T R EY M AH V AH K ,0,5,HWSalad
EH T R K OW T M AH N ,0,5,HWSalad
AH N AH ,0,5,HWSalad
AH T AH ,0,5,HWSalad
AH S AH ,0,5,HWSalad
AH L AH ,0,5,HWSalad
AH K AH ,0,5,HWSalad
AH N T ,0,5,HWSalad
T AH N ,0,5,HWSalad
N AH T ,0,5,HWSalad
T AH T ,0,5,HWSalad
IH N AH ,0,5,HWSalad
AH N S ,0,5,HWSalad
S N AH ,0,5,HWSalad
N AH S ,0,5,HWSalad
S AH N ,0,5,HWSalad
S T AH ,0,5,HWSalad
AH S T ,0,5,HWSalad
S AH T ,0,5,HWSalad
T AH S ,0,5,HWSalad
R AH N ,0,5,HWSalad
N AH L ,0,5,HWSalad
T R AH ,0,5,HWSalad
L AH T ,0,5,HWSalad
T AH L ,0,5,HWSalad
AH L T ,0,5,HWSalad
AH M AH ,0,5,HWSalad
IH S AH ,0,5,HWSalad
N AH K ,0,5,HWSalad
K AH N ,0,5,HWSalad
K AH T ,0,5,HWSalad
AH K T ,0,5,HWSalad
T AH K ,0,5,HWSalad
AH D AH ,0,5,HWSalad
IH L AH ,0,5,HWSalad
R AH S ,0,5,HWSalad
S L AH ,0,5,HWSalad
AH L S ,0,5,HWSalad
S AH L ,0,5,HWSalad
L AH S ,0,5,HWSalad
IH K AH ,0,5,HWSalad
R AH L ,0,5,HWSalad
N IH N ,0,5,HWSalad
S K AH ,0,5,HWSalad
S AH K ,0,5,HWSalad
AH K S ,0,5,HWSalad
IH N T ,0,5,HWSalad
T IH N ,0,5,HWSalad
N IH T ,0,5,HWSalad
R AH K ,0,5,HWSalad
K R AH ,0,5,HWSalad
N IY AH ,0,5,HWSalad
AH N IY ,0,5,HWSalad
K L AH ,0,5,HWSalad
L AH K ,0,5,HWSalad
AH T IY ,0,5,HWSalad
K AH K ,0,5,HWSalad
T R T ,0,5,HWSalad
M AH N ,0,5,HWSalad
S IH N ,0,5,HWSalad
T AH M ,0,5,HWSalad
M AH T ,0,5,HWSalad
S IH T ,0,5,HWSalad
IH S T ,0,5,HWSalad
EH T AH ,0,5,HWSalad
AH N D ,0,5,HWSalad
D AH N ,0,5,HWSalad
N AH D ,0,5,HWSalad
N IH R ,0,5,HWSalad
IH R N ,0,5,HWSalad
R IH N ,0,5,HWSalad
D AH T ,0,5,HWSalad
AH S IY ,0,5,HWSalad
S IY AH ,0,5,HWSalad
L IH N ,0,5,HWSalad
R IH T ,0,5,HWSalad
IH R T ,0,5,HWSalad
T IH R ,0,5,HWSalad
T IH L ,0,5,HWSalad
IH L T ,0,5,HWSalad
R IY AH ,0,5,HWSalad
IH M AH ,0,5,HWSalad
ER T AH ,0,5,HWSalad
T R S ,0,5,HWSalad
AH L IY ,0,5,HWSalad
L IY AH ,0,5,HWSalad
T IH K ,0,5,HWSalad
K IH T ,0,5,HWSalad
IH D AH ,0,5,HWSalad
S M AH ,0,5,HWSalad
S AH M ,0,5,HWSalad
EH S AH ,0,5,HWSalad
B AH N ,0,5,HWSalad
N AH P ,0,5,HWSalad
N AH B ,0,5,HWSalad
AE N AH ,0,5,HWSalad
AH K IY ,0,5,HWSalad
S AH D ,0,5,HWSalad
T AH B ,0,5,HWSalad
AH P T ,0,5,HWSalad
S IH R ,0,5,HWSalad
R IH S ,0,5,HWSalad
AH V AH ,0,5,HWSalad
K R N ,0,5,HWSalad
L AH M ,0,5,HWSalad
N IY N ,0,5,HWSalad
IH L S ,0,5,HWSalad
L IH S ,0,5,HWSalad
EH L AH ,0,5,HWSalad
K R T ,0,5,HWSalad
T R K ,0,5,HWSalad
S ER AH ,0,5,HWSalad
AH S ER ,0,5,HWSalad
ER S AH ,0,5,HWSalad
K L T ,0,5,HWSalad
D AH L ,0,5,HWSalad
AH L D ,0,5,HWSalad
R IH R ,0,5,HWSalad
T IY T ,0,5,HWSalad
L IH R ,0,5,HWSalad
M AH K ,0,5,HWSalad
K AH M ,0,5,HWSalad
S IH K ,0,5,HWSalad
L IH L ,0,5,HWSalad
D AH K ,0,5,HWSalad
K AH D ,0,5,HWSalad
AH L ER ,0,5,HWSalad
ER AH L ,0,5,HWSalad
S K S ,0,5,HWSalad
R IH K ,0,5,HWSalad
B AH S ,0,5,HWSalad
S AH P ,0,5,HWSalad
P AH S ,0,5,HWSalad
N EH N ,0,5,HWSalad
K IH L ,0,5,HWSalad
N EH T ,0,5,HWSalad
AH K ER ,0,5,HWSalad
ER AH K ,0,5,HWSalad
ER K AH ,0,5,HWSalad
EY T AH ,0,5,HWSalad
P R AH ,0,5,HWSalad
S IY N ,0,5,HWSalad
AE R AH ,0,5,HWSalad
N IY S ,0,5,HWSalad
K L S ,0,5,HWSalad
P AH L ,0,5,HWSalad
L AH P ,0,5,HWSalad
P L AH ,0,5,HWSalad
AE L AH ,0,5,HWSalad
AH L AE ,0,5,HWSalad
K IH K ,0,5,HWSalad
N IH M ,0,5,HWSalad
ER N T ,0,5,HWSalad
T ER N ,0,5,HWSalad
N IY L ,0,5,HWSalad
K AH P ,0,5,HWSalad
T R IY ,0,5,HWSalad
T ER T ,0,5,HWSalad
T IY L ,0,5,HWSalad
N IH D ,0,5,HWSalad
IY M AH ,0,5,HWSalad
T IH D ,0,5,HWSalad
D IH T ,0,5,HWSalad
K R K ,0,5,HWSalad
N EH S ,0,5,HWSalad
K IY N ,0,5,HWSalad
T EH S ,0,5,HWSalad
EH S T ,0,5,HWSalad
S EH T ,0,5,HWSalad
N AE T ,0,5,HWSalad
K IY T ,0,5,HWSalad
T AH K AH K N AH ,0,5,HWSalad
S K AH N T R N ,0,5,HWSalad
AH K AH B S AH S ,0,5,HWSalad
N AH SH AH M AH T ,0,5,HWSalad
R IH L M IH R AH ,0,5,HWSalad
B AA N AH N AH T ,0,5,HWSalad
EY T IH K L AH T ,0,5,HWSalad
B AH K L IH K T ,0,5,HWSalad
D AH L AH D EH N ,0,5,HWSalad
EH M AH T R IH L ,0,5,HWSalad
AH T AE R N V AH ,0,5,HWSalad
K AH P AH S K ER ,0,5,HWSalad
D ER AH K L IH T ,0,5,HWSalad
AE R N IH K M AH ,0,5,HWSalad
M AH T IH S AA T ,0,5,HWSalad
T UW AH T R L T ,0,5,HWSalad
W IH S IH S AH T ,0,5,HWSalad
OW N AH D IY AH N ,0,5,HWSalad
AH D AH N T IY G ,0,5,HWSalad
P R AH T R AH JH ,0,5,HWSalad
P AH D IY M AH T ,0,5,HWSalad
K AH N CH AH L T ,0,5,HWSalad
S L AH S W IY AH ,0,5,HWSalad
D AE S N AH N ER ,0,5,HWSalad
AH K N AA K N D ,0,5,HWSalad
AH N T AH ,0,5,HWSalad
T AH T AH ,0,5,HWSalad
S AH N AH ,0,5,HWSalad
S AH T AH ,0,5,HWSalad
L AH T AH ,0,5,HWSalad
AH L T AH ,0,5,HWSalad
AH K AH T ,0,5,HWSalad
S AH S AH ,0,5,HWSalad
AH S AH L ,0,5,HWSalad
AH S AH K ,0,5,HWSalad
L AH L AH ,0,5,HWSalad
N AH N S ,0,5,HWSalad
AH K L AH ,0,5,HWSalad
AH T IY AH ,0,5,HWSalad
T R AH T ,0,5,HWSalad
AH T M AH ,0,5,HWSalad
IH T AH S ,0,5,HWSalad
L IH N AH ,0,5,HWSalad
AH N IH L ,0,5,HWSalad
L IH T AH ,0,5,HWSalad
IH L T AH ,0,5,HWSalad
K IH N AH ,0,5,HWSalad
M AH S AH ,0,5,HWSalad
IH S AH S ,0,5,HWSalad
N AH K S ,0,5,HWSalad
T R AH L ,0,5,HWSalad
L AH M AH ,0,5,HWSalad
IH S L AH ,0,5,HWSalad
IH L AH S ,0,5,HWSalad
T R AH K ,0,5,HWSalad
K AH L T ,0,5,HWSalad
AH L K T ,0,5,HWSalad
AH D AH K ,0,5,HWSalad
IH T IH T ,0,5,HWSalad
N IH N S ,0,5,HWSalad
IH R K AH ,0,5,HWSalad
S L AH L ,0,5,HWSalad
IH L AH K ,0,5,HWSalad
L AH K S ,0,5,HWSalad
IH S IH N ,0,5,HWSalad
ER N AH T ,0,5,HWSalad
L IY N AH ,0,5,HWSalad
K IY N AH ,0,5,HWSalad
IH L IH N ,0,5,HWSalad
AH N AE T ,0,5,HWSalad
IH T IH L ,0,5,HWSalad
T AE T AH ,0,5,HWSalad
F AH T AH ,0,5,HWSalad
EH L AH T ,0,5,HWSalad
IH S AH M ,0,5,HWSalad
AH L S IY ,0,5,HWSalad
N IH S K ,0,5,HWSalad
AH K EH N ,0,5,HWSalad
IH S AH D ,0,5,HWSalad
EH K T AH ,0,5,HWSalad
R IH M AH ,0,5,HWSalad
S N AH P ,0,5,HWSalad
S AE N AH ,0,5,HWSalad
AH N AY AH ,0,5,HWSalad
S K S T ,0,5,HWSalad
AE S AH T ,0,5,HWSalad
IH N IY T ,0,5,HWSalad
IH S ER AH ,0,5,HWSalad
IH L K T ,0,5,HWSalad
IH D L AH ,0,5,HWSalad
IH R IH R ,0,5,HWSalad
AH S AH F ,0,5,HWSalad
JH AH T AH ,0,5,HWSalad
EY N AH T ,0,5,HWSalad
EY T AH N ,0,5,HWSalad
AH N AE R ,0,5,HWSalad
N IY N S ,0,5,HWSalad
AH N AH G ,0,5,HWSalad
T ER K AH ,0,5,HWSalad
S N T IY ,0,5,HWSalad
L IH R S ,0,5,HWSalad
IH K IH R ,0,5,HWSalad
AH L EH R ,0,5,HWSalad
EH R L AH ,0,5,HWSalad
AE N AH K ,0,5,HWSalad
IH T EH N ,0,5,HWSalad
AH K AE T ,0,5,HWSalad
N IY AH M ,0,5,HWSalad
K AH V AH ,0,5,HWSalad
AH N Z AH ,0,5,HWSalad
EH K R AH ,0,5,HWSalad
K L M AH ,0,5,HWSalad
K L AH M ,0,5,HWSalad
S EH N T ,0,5,HWSalad
T AO N AH ,0,5,HWSalad
AH K S ER ,0,5,HWSalad
AH L AE S ,0,5,HWSalad
AE L AH S ,0,5,HWSalad
AH S AE L ,0,5,HWSalad
IH T IH M ,0,5,HWSalad
IH M IY AH ,0,5,HWSalad
IH D IH T ,0,5,HWSalad
AH P S K ,0,5,HWSalad
S K AH P ,0,5,HWSalad
IH N IY K ,0,5,HWSalad
P AH B AH ,0,5,HWSalad
AH B AH B ,0,5,HWSalad
L AH G AH ,0,5,HWSalad
AH G AH L ,0,5,HWSalad
AH G L AH ,0,5,HWSalad
B IH N T ,0,5,HWSalad
N AH S N S N IH S T EH B AH K ,0,5,HWSalad
P AH M AH T AH K M B S F L S ,0,5,HWSalad
AH N ,0,5,HWSalad
N AH ,0,5,HWSalad
T AH ,0,5,HWSalad
AH T ,0,5,HWSalad
R AH ,0,5,HWSalad
AH L ,0,5,HWSalad
L AH ,0,5,HWSalad
K AH ,0,5,HWSalad
AH K ,0,5,HWSalad
IH T ,0,5,HWSalad
M AH ,0,5,HWSalad
AH M ,0,5,HWSalad
IH S ,0,5,HWSalad
AH D ,0,5,HWSalad
D AH ,0,5,HWSalad
IH R ,0,5,HWSalad
IH L ,0,5,HWSalad
ER AH ,0,5,HWSalad
AH B ,0,5,HWSalad
B AH ,0,5,HWSalad
EH N ,0,5,HWSalad
S IY ,0,5,HWSalad
ER N ,0,5,HWSalad
R IY ,0,5,HWSalad
IH M ,0,5,HWSalad
T ER ,0,5,HWSalad
L IY ,0,5,HWSalad
IH D ,0,5,HWSalad
EH S ,0,5,HWSalad
AE N ,0,5,HWSalad
IY K ,0,5,HWSalad
K IY ,0,5,HWSalad
T AE ,0,5,HWSalad
AH V ,0,5,HWSalad
V AH ,0,5,HWSalad
AH F ,0,5,HWSalad
EH R ,0,5,HWSalad
EH L ,0,5,HWSalad
ER S ,0,5,HWSalad
S ER ,0,5,HWSalad
EH K ,0,5,HWSalad
ER L ,0,5,HWSalad
S AE ,0,5,HWSalad
AH SH ,0,5,HWSalad
AH JH ,0,5,HWSalad
EY N ,0,5,HWSalad
ER K ,0,5,HWSalad
K ER ,0,5,HWSalad
T EY ,0,5,HWSalad
AE R ,0,5,HWSalad
R AE ,0,5,HWSalad
G AH ,0,5,HWSalad
AH G ,0,5,HWSalad
ER EH T R AH P AH L SH AH ,0,5,HWSalad
ER M OW P S ,0,5,HWSalad
D IH L EH CH ,0,5,HWSalad
EY L D UW L ,0,5,HWSalad
HH AY R M AH ,0,5,HWSalad
B IY S IH TH ,0,5,HWSalad
CH ER AE L T ,0,5,HWSalad
ER L T R AW ,0,5,HWSalad
ER M V AE M ,0,5,HWSalad
N EH B OW V ,0,5,HWSalad
T AE P AW T ,0,5,HWSalad
OW L AA B EY ,0,5,HWSalad
D AA P AE F ,0,5,HWSalad
B OW Z L ER ,0,5,HWSalad
V AE N OW G ,0,5,HWSalad
EH R OY S IY ,0,5,HWSalad
Y AA P EH P ,0,5,HWSalad
TH IY M EY P ,0,5,HWSalad
N AW R UW V ,0,5,HWSalad
CH AA Z AE M ,0,5,HWSalad
B R UW K EH B S EY ,0,5,HWSalad
ER L V EH B L M OW ,0,5,HWSalad
B EH R M AH B OY T ,0,5,HWSalad
S AO L IY B AY M OW ,0,5,HWSalad
NG ,0,5,HWSalad
ZH ,0,5,HWSalad
DH ,0,5,HWSalad
Z AY N T M P ,0,5,HWSalad
IH S K Y AE V ,0,5,HWSalad
B AA B AY R T ,0,5,HWSalad
L UW Z L ER S ,0,5,HWSalad
B AY S M ER V ,0,5,HWSalad
AY S AO D AE P ,0,5,HWSalad
M AY N TH IY L ,0,5,HWSalad
EH L ER L AE NG ,0,5,HWSalad
AE TH L M F ER ,0,5,HWSalad
ER CH IH SH AE B ,0,5,HWSalad
AE M V AE CH ER ,0,5,HWSalad
P OW B OY AH B AH D IY EY T ,0,5,HWSalad
F IY P ,0,5,HWSalad
B IY F ,0,5,HWSalad
F ER M ,0,5,HWSalad
EY L JH ,0,5,HWSalad
D ER V ,0,5,HWSalad
SH IY ER ,0,5,HWSalad
M EH JH ,0,5,HWSalad
AE R UW ,0,5,HWSalad
W AE R ,0,5,HWSalad
F EH B ,0,5,HWSalad
F AO K ,0,5,HWSalad
JH IH V ,0,5,HWSalad
V AE D ,0,5,HWSalad
M OW D ,0,5,HWSalad
ER AY M ,0,5,HWSalad
JH ER M ,0,5,HWSalad
OW B IY ,0,5,HWSalad
B UW K ,0,5,HWSalad
TH AH B ,0,5,HWSalad
AO L JH ,0,5,HWSalad
ER M OW ,0,5,HWSalad
ER AH NG ,0,5,HWSalad
L AY V ,0,5,HWSalad
P AA P ,0,5,HWSalad
L AA G ,0,5,HWSalad
ER D OW ,0,5,HWSalad
AA L OW ,0,5,HWSalad
EH P AY ,0,5,HWSalad
P EH JH ,0,5,HWSalad
AO T UW ,0,5,HWSalad
K AA SH ,0,5,HWSalad
P AE F ,0,5,HWSalad
JH AE D ,0,5,HWSalad
AA D EY ,0,5,HWSalad
M IH CH ,0,5,HWSalad
JH IH G ,0,5,HWSalad
SH IH G ,0,5,HWSalad
CH IH D ,0,5,HWSalad
F OW K ,0,5,HWSalad
P ER JH ,0,5,HWSalad
OW P ER ,0,5,HWSalad
AE P OW ,0,5,HWSalad
W AA L ,0,5,HWSalad
TH IH M ,0,5,HWSalad
D EY JH ,0,5,HWSalad
HH EY T ,0,5,HWSalad
V ER V ,0,5,HWSalad
P EY JH ,0,5,HWSalad
V AY M ,0,5,HWSalad
Y AE M ,0,5,HWSalad
P EY G ,0,5,HWSalad
K AW R ,0,5,HWSalad
F ER G ,0,5,HWSalad
HH IH F ,0,5,HWSalad
B AY V ,0,5,HWSalad
CH EH M ,0,5,HWSalad
G ER JH ,0,5,HWSalad
AA L CH ,0,5,HWSalad
W IY JH ,0,5,HWSalad
AA G EY ,0,5,HWSalad
F AA V ,0,5,HWSalad
W EH JH ,0,5,HWSalad
W AY D ,0,5,HWSalad
HH AE P ,0,5,HWSalad
HH UW L ,0,5,HWSalad
N OY ER ,0,5,HWSalad
W AY F ,0,5,HWSalad
W AO G ,0,5,HWSalad
AE G AW ,0,5,HWSalad
S UW SH AE TH AH S ,0,5,HWSalad
D AO N EY JH AA B ,0,5,HWSalad
AE TH L AH ,0,5,HWSalad
EH M IY V ,0,5,HWSalad
L EH G ER ,0,5,HWSalad
B R AA P ,0,5,HWSalad
F EH S EY ,0,5,HWSalad
EH L SH AE ,0,5,HWSalad
N UW L V ,0,5,HWSalad
OW N D EY ,0,5,HWSalad
K W EY S ,0,5,HWSalad
IH D UW ER ,0,5,HWSalad
IH L UW F ,0,5,HWSalad
AH TH EH M ,0,5,HWSalad
M IY ER JH ,0,5,HWSalad
S IY F AY ,0,5,HWSalad
F R P EY ,0,5,HWSalad
AA P IH F ,0,5,HWSalad
AO T ER G ,0,5,HWSalad
TH R AE N ,0,5,HWSalad
D AO N UW ,0,5,HWSalad
R EY Z ER ,0,5,HWSalad
F AA F T ,0,5,HWSalad
Z AY AH F ,0,5,HWSalad
AH V AY Z ,0,5,HWSalad
M ER EY G ,0,5,HWSalad
TH IY S AE ,0,5,HWSalad
G L IH CH ,0,5,HWSalad
Y ER IH JH ,0,5,HWSalad
F Y AE L ,0,5,HWSalad
Y AE L AY ,0,5,HWSalad
W ER P AY ,0,5,HWSalad
D OY N ER ,0,5,HWSalad
D OY L IY ,0,5,HWSalad
W EY ,0,5,HWSalad
NG K ,0,5,HWSalad
HH ER ,0,5,HWSalad
G OW ,0,5,HWSalad
ER CH ,0,5,HWSalad
W AY ,0,5,HWSalad
ER TH ,0,5,HWSalad
G UW ,0,5,HWSalad
W OW ,0,5,HWSalad
Y UW ,0,5,HWSalad
P AW ,0,5,HWSalad
L OY ,0,5,HWSalad
ER OY ,0,5,HWSalad
P AE T AO R OW L ER EY D ,0,5,HWSalad
D ER SH AH N ZH AH ,0,5,HWSalad
AH B M AH ,0,5,HWSalad
T ER L S AH T IH L K ,0,5,HWSalad
S L K ,0,5,HWSalad
T AH L K ,0,5,HWSalad
G AA L K ,0,5,HWSalad
EH NG ,0,5,HWSalad
S P ,0,5,HWSalad
EH B T AH N ,0,5,HWSalad
R AH B T IH T ,0,5,HWSalad
S L T AH B T IY ,0,5,HWSalad
F R V ,0,5,HWSalad
EY P EY K ,0,5,HWSalad
EY P AA G ,0,5,HWSalad
AH JH IH B AO SH ER ,0,5,HWSalad
JH UW ,0,5,HWSalad
AY JH IH L ,0,5,HWSalad
IH CH IH P ,0,5,HWSalad
AY V ER AH SH ,0,5,HWSalad
S N IY P AH ,0,5,HWSalad
AH P AH ,0,5,HWSalad
AH F AH ,0,5,HWSalad
T R P AH ,0,5,HWSalad
M AH P AH ,0,5,HWSalad
ER AH P AH ,0,5,HWSalad
P AH ,0,5,HWSalad
F AH ,0,5,HWSalad
F AO N OW P AH ,0,5,HWSalad
IY T AH ,0,5,HWSalad
IY T R N ,0,5,HWSalad
IY T ,0,5,HWSalad
AH D L EY AH ,0,5,HWSalad
T EY AH L AH T IY S ,0,5,HWSalad
S N EH R S IY EY AH ,0,5,HWSalad
N AH N EY AH K ,0,5,HWSalad
D AH T EY AH T ,0,5,HWSalad
N EY AH ,0,5,HWSalad
S EY AH ,0,5,HWSalad
AH S EY AH ,0,5,HWSalad
N EY AA P ,0,5,HWSalad
P EY CH EH S F AA R EY IH Z AH T R D ,0,5,HWSalad
AH M AH T L AY AH D ,0,5,HWSalad
AH L ER M IH T L IY ,0,5,HWSalad
F IH S T AH T L ER ,0,5,HWSalad
EH L OW JH ,0,5,HWSalad
OW JH ,0,5,HWSalad
N AO Z ,0,5,HWSalad
K AO Z ,0,5,HWSalad
IY N T IH N ,0,5,HWSalad
IY L ER K T AH ,0,5,HWSalad
IY L T ,0,5,HWSalad
IY N S AH ,0,5,HWSalad
IY N IH T ,0,5,HWSalad
IY N ,0,5,HWSalad
IY L ,0,5,HWSalad
IY L D UW ,0,5,HWSalad
SH EY K IY ,0,5,HWSalad
D IY IH N AH ,0,5,HWSalad
K IH S IY IH S ,0,5,HWSalad
S T IY EH R N EY T IY IH S ,0,5,HWSalad
T IY IH R ,0,5,HWSalad
Z EY K ,0,5,HWSalad
CH OW M AH F ,0,5,HWSalad
IH R S EY SH OW ,0,5,HWSalad
JH OW K ,0,5,HWSalad
Z AE R D ,0,5,HWSalad
K AH B R L ,0,5,HWSalad
T R L ,0,5,HWSalad
N IH R L ,0,5,HWSalad
SH UW K ER ,0,5,HWSalad
S M Y AE ,0,5,HWSalad
AH B S ,0,5,HWSalad
G ER AY OW ,0,5,HWSalad
IH P R K L K ER AH ,0,5,HWSalad
IH B AH ,0,5,HWSalad
IH P ,0,5,HWSalad
AY B ER ,0,5,HWSalad
AO N AH ,0,5,HWSalad
AO N K AH T AH P ,0,5,HWSalad
AY AH ,0,5,HWSalad
AY R OW P EY ,0,5,HWSalad
AY R AY ,0,5,HWSalad
AY R F ER AA R K ,0,5,HWSalad
AY N IH Z ,0,5,HWSalad
V EH F TH R AE ,0,5,HWSalad
S P TH ,0,5,HWSalad
IH S K TH IH G IY ,0,5,HWSalad
AH K TH ER ,0,5,HWSalad
P ER G IY TH ,0,5,HWSalad
Z OW ,0,5,HWSalad
R IH T S T ,0,5,HWSalad
N IH T S IY ,0,5,HWSalad
P R N T S ,0,5,HWSalad
N IH S ER IY T IH N T ER T S ,0,5,HWSalad
F AH L AH T S IH L ,0,5,HWSalad
AH T S N UW L IY AH ,0,5,HWSalad
B R S IH T S ,0,5,HWSalad
AH T S ,0,5,HWSalad
S T S ,0,5,HWSalad
EH T S ,0,5,HWSalad
AH T S EH N IH N ,0,5,HWSalad
JH IY ER IH S AH T IH T S ,0,5,HWSalad
D AW T S ,0,5,HWSalad
IY S ,0,5,HWSalad
OW SH EH N IY ,0,5,HWSalad
AH K R ER S ,0,5,HWSalad
AH B N AH ,0,5,HWSalad
ER D ER F ,0,5,HWSalad
N IY R AH K ,0,5,HWSalad
IY R AH ,0,5,HWSalad
IY R T ,0,5,HWSalad
S N K S IY R K ,0,5,HWSalad
N IY R AH ,0,5,HWSalad
AH N IY R ,0,5,HWSalad
IY R S T ,0,5,HWSalad
IY R ,0,5,HWSalad
IY R F AO D ,0,5,HWSalad
IY R OW Z L V ,0,5,HWSalad
IY R CH ,0,5,HWSalad
HH W IY R ,0,5,HWSalad
T AH K S AH W AH ,0,5,HWSalad
D R AE N ER UW D EY ,0,5,HWSalad
AH W AY ,0,5,HWSalad
OW F R N OW S ,0,5,HWSalad
EY F IY ,0,5,HWSalad
F UW K R B ,0,5,HWSalad
IH F AW ,0,5,HWSalad
M UW K AE R K R P EH F AE F ,0,5,HWSalad
AO TH ,0,5,HWSalad
AH K AY N AH K T ,0,5,HWSalad
EY K AY ,0,5,HWSalad
G AY S ,0,5,HWSalad
L ER T AH L ,0,5,HWSalad
N ER AH ,0,5,HWSalad
L ER AH ,0,5,HWSalad
N ER T ,0,5,HWSalad
N ER T AH ,0,5,HWSalad
N ER ,0,5,HWSalad
L ER ,0,5,HWSalad
L ER OY L ,0,5,HWSalad
S N M IY AH S ,0,5,HWSalad
IH R N M IH L ,0,5,HWSalad
IH R IH M M AH ,0,5,HWSalad
AH N M ER IY N ,0,5,HWSalad
AH N M ER AH T AH ,0,5,HWSalad
N IH D IH M M AH ,0,5,HWSalad
S AY K M M IY F ER ,0,5,HWSalad
T AY JH ,0,5,HWSalad
F AY JH ,0,5,HWSalad
AO R SH ,0,5,HWSalad
L AA R SH ,0,5,HWSalad
L AW AH ,0,5,HWSalad
P AW AH ,0,5,HWSalad
S AH T N AH ,0,5,HWSalad
AH T N IH R ,0,5,HWSalad
S T N IH K ,0,5,HWSalad
L AE T N T ,0,5,HWSalad
G EH T N EH N T EY T AH N ,0,5,HWSalad
IH L M P R S T N AH ,0,5,HWSalad
EH S N IH T N S ,0,5,HWSalad
Z IH N K T N AH ,0,5,HWSalad
T R IY L ER AE T N AH L ,0,5,HWSalad
EH TH N T UW F ,0,5,HWSalad
R AA F IY B ,0,5,HWSalad
P UW R ,0,5,HWSalad
S T AH L B ,0,5,HWSalad
IH S L B AH ,0,5,HWSalad
AH L P IH D IY M AH ,0,5,HWSalad
ER AH S N P S IH D ,0,5,HWSalad
M AH N P AH G L ER AH ,0,5,HWSalad
AH L P IH G AH T ,0,5,HWSalad
N AH P L P R K ,0,5,HWSalad
L AH L P ,0,5,HWSalad
S K N P L IY EY L IH T R AH N ,0,5,HWSalad
