Word,Score,Source,SourceReal
K R,1,1,Scholes
G R,1,1,Scholes
K L,1,1,Scholes
S T,1,1,Scholes
S M,0.96969697,1,Scholes
P R,0.96969697,1,Scholes
T R,0.939393939,1,Scholes
D R,0.939393939,1,Scholes
B L,0.939393939,1,Scholes
F L,0.939393939,1,Scholes
S L,0.939393939,1,Scholes
B R,0.878787879,1,Scholes
F R,0.878787879,1,Scholes
S P,0.878787879,1,Scholes
P L,0.848484848,1,Scholes
S N,0.848484848,1,Scholes
M R,0.818181818,1,Scholes
SH R,0.818181818,1,Scholes
G L,0.818181818,1,Scholes
SH L,0.666666667,1,Scholes
S K,0.606060606,1,Scholes
V R,0.575757576,1,Scholes
S R,0.454545455,1,Scholes
V L,0.424242424,1,Scholes
M L,0.393939394,1,Scholes
F P,0.393939394,1,Scholes
SH T,0.393939394,1,Scholes
ZH R,0.333333333,1,Scholes
F SH,0.333333333,1,Scholes
SH N,0.303030303,1,Scholes
F T,0.303030303,1,Scholes
N R,0.242424242,1,Scholes
Z R,0.242424242,1,Scholes
SH M,0.212121212,1,Scholes
S F,0.212121212,1,Scholes
F S,0.181818182,1,Scholes
Z L,0.181818182,1,Scholes
Z T,0.181818182,1,Scholes
V Z,0.181818182,1,Scholes
ZH L,0.151515152,1,Scholes
SH F,0.151515152,1,Scholes
Z N,0.121212121,1,Scholes
F N,0.090909091,1,Scholes
V T,0.090909091,1,Scholes
Z V,0.090909091,1,Scholes
F K,0.090909091,1,Scholes
F M,0.060606061,1,Scholes
Z M,0.060606061,1,Scholes
ZH M,0.060606061,1,Scholes
SH P,0.060606061,1,Scholes
V M,0.03030303,1,Scholes
V N,0.03030303,1,Scholes
Z P,0.03030303,1,Scholes
ZH P,0.03030303,1,Scholes
ZH T,0.03030303,1,Scholes
SH K,0.03030303,1,Scholes
ZH K,0.03030303,1,Scholes
ZH N,0,1,Scholes
V P,0,1,Scholes
ZH V,0,1,Scholes
V K,0,1,Scholes
Z K,0,1,Scholes
P W AH D Z,0.591,2,AH_2003
P L AO N TH,0.854,2,AH_2003
S P R AA R F,0.746,2,AH_2003
S M IY N TH,0.718,2,AH_2003
TH EY P T,0.841,2,AH_2003
S M IY L TH,0.881,2,AH_2003
TH W IY K S,0.957,2,AH_2003
P L OW M F,0.876,2,AH_2003
S M AY R G,0.951,2,AH_2003
TH R OY K S,1.047,2,AH_2003
S M AY R F,0.912,2,AH_2003
K R IH L G,0.969,2,AH_2003
T R IH L B,1.04,2,AH_2003
F R IH L G,1.008,2,AH_2003
S K L UW N D,1.099,2,AH_2003
P W IH P,1.103,2,AH_2003
S F UW N D,1.154,2,AH_2003
SH W OW JH,1.021,2,AH_2003
R AY N T,1.066,2,AH_2003
S M EY R G,1.086,2,AH_2003
S N OY K S,1.123,2,AH_2003
T W UW,1.238,2,AH_2003
S M AH M,1.212,2,AH_2003
G W EH N JH,1.322,2,AH_2003
SH R UH K S,1.346,2,AH_2003
N AH NG,1.239,2,AH_2003
S K W AA L K,1.27,2,AH_2003
Z EY P S,1.35,2,AH_2003
CH UW L,1.342,2,AH_2003
SH AY N T,1.342,2,AH_2003
B L IH G,1.381,2,AH_2003
S K OY L,1.567,2,AH_2003
B R EH JH,1.55,2,AH_2003
K W IY D,1.574,2,AH_2003
D R AY S,1.512,2,AH_2003
S K IH K,1.571,2,AH_2003
F L IH JH,1.51,2,AH_2003
S K R AY D,1.653,2,AH_2003
F L EH T,1.595,2,AH_2003
Z AY,1.68,2,AH_2003
D R IH T,1.611,2,AH_2003
F L IY P,1.685,2,AH_2003
B L EY F,1.666,2,AH_2003
G EH Z,1.648,2,AH_2003
N OW L D,1.589,2,AH_2003
K AY V,1.607,2,AH_2003
G UW D,1.739,2,AH_2003
P L IH M,1.757,2,AH_2003
B AY Z,1.849,2,AH_2003
CH IH N D,1.717,2,AH_2003
G R EH L,1.833,2,AH_2003
T EH SH,1.851,2,AH_2003
G L IH P,1.794,2,AH_2003
L AH M,1.91,2,AH_2003
P AH M,1.944,2,AH_2003
S P L IH NG,1.85,2,AH_2003
D AY Z,1.944,2,AH_2003
T AH NG K,1.928,2,AH_2003
S K W IH L,1.946,2,AH_2003
T IY P,1.854,2,AH_2003
SH IH L K,1.925,2,AH_2003
P R EY K,1.998,2,AH_2003
N EY S,1.965,2,AH_2003
G EY R,2.054,2,AH_2003
SH ER N,2.023,2,AH_2003
T AA R K,2.057,2,AH_2003
D EY P,2.041,2,AH_2003
S K EH L,2.065,2,AH_2003
G R AY N T,2.037,2,AH_2003
S P AE K,2.078,2,AH_2003
T R IH S K,2.08,2,AH_2003
CH EY K,2.034,2,AH_2003
G L IY D,2.06,2,AH_2003
R AE S K,2.059,2,AH_2003
S N EH L,2.171,2,AH_2003
G L IH T,2.075,2,AH_2003
S T IH N,2.144,2,AH_2003
P L EY K,2.165,2,AH_2003
M ER N,2.225,2,AH_2003
M IH P,2.227,2,AH_2003
R AY F,2.248,2,AH_2003
S T IH P,2.226,2,AH_2003
P AE NG K,2.302,2,AH_2003
P IH N T,2.265,2,AH_2003
S T AY R,2.248,2,AH_2003
W IH S,2.357,2,AH_2003
S L EY M,2.379,2,AH_2003
D W OW JH,0.873,2,AH_2003
B AE L,0.151560639,3,JLHW_Canaan
B AE P,0.699877522,3,JLHW_Canaan
B AH L,-5.87E-04,3,JLHW_Canaan
B AO CH,-0.244954354,3,JLHW_Canaan
B AO TH,-0.334468237,3,JLHW_Canaan
B AW JH,-0.194125019,3,JLHW_Canaan
B AY N,0.969363282,3,JLHW_Canaan
B AY S,0.45705902,3,JLHW_Canaan
B ER S,0.724519374,3,JLHW_Canaan
B IH K F,-1.262770113,3,JLHW_Canaan
B IH M F,-0.932244272,3,JLHW_Canaan
B IH S,0.630422901,3,JLHW_Canaan
B IY L,0.528069008,3,JLHW_Canaan
B IY S,0.377210954,3,JLHW_Canaan
B R EH L,0.845844558,3,JLHW_Canaan
B W EH L,-0.328565913,3,JLHW_Canaan
CH AH CH,0.05067545,3,JLHW_Canaan
CH AH JH,0.267935006,3,JLHW_Canaan
CH AH N,0.34582426,3,JLHW_Canaan
CH AH SH,-0.517778579,3,JLHW_Canaan
CH AH Z,-0.206524382,3,JLHW_Canaan
CH AO B,-0.566228856,3,JLHW_Canaan
CH AO CH,-0.977677896,3,JLHW_Canaan
CH AO D,-0.286642142,3,JLHW_Canaan
CH AO G,-0.152256857,3,JLHW_Canaan
CH AO NG,-0.792835253,3,JLHW_Canaan
CH AO SH,-0.49054507,3,JLHW_Canaan
CH AO TH,-0.341604797,3,JLHW_Canaan
CH AO Z,-0.316125707,3,JLHW_Canaan
CH AY B,0.572763692,3,JLHW_Canaan
CH AY DH,-0.657702195,3,JLHW_Canaan
CH AY N,0.990362958,3,JLHW_Canaan
CH AY Z,0.039011941,3,JLHW_Canaan
CH EH N,0.260553726,3,JLHW_Canaan
CH ER G,-0.367132581,3,JLHW_Canaan
CH ER JH,-0.798100803,3,JLHW_Canaan
CH ER TH,-0.410141192,3,JLHW_Canaan
CH ER Z,-0.848613585,3,JLHW_Canaan
CH EY DH,-0.733620429,3,JLHW_Canaan
CH EY G,-0.621879016,3,JLHW_Canaan
CH EY JH,-0.738692653,3,JLHW_Canaan
CH EY TH,-0.175477248,3,JLHW_Canaan
CH EY ZH,-1.115460572,3,JLHW_Canaan
CH IH S,0.32685211,3,JLHW_Canaan
CH IY DH,-0.969210711,3,JLHW_Canaan
CH IY N,-0.006309464,3,JLHW_Canaan
CH IY SH,-0.043534339,3,JLHW_Canaan
CH UW DH,-0.628667436,3,JLHW_Canaan
CH UW SH,-0.4314941,3,JLHW_Canaan
CH UW TH,-0.217955155,3,JLHW_Canaan
CH UW V,-0.224085636,3,JLHW_Canaan
CH UW ZH,-0.821056218,3,JLHW_Canaan
D AE L,0.294674777,3,JLHW_Canaan
D AE S,0.359907143,3,JLHW_Canaan
D AH S,0.333676814,3,JLHW_Canaan
D AO TH,-0.051012978,3,JLHW_Canaan
D AY P,0.818346439,3,JLHW_Canaan
D AY T,0.262148675,3,JLHW_Canaan
D EH M,0.93120377,3,JLHW_Canaan
D EH P,0.75138147,3,JLHW_Canaan
D EH S,0.509696994,3,JLHW_Canaan
D ER S,0.042059014,3,JLHW_Canaan
D IH DH,-1.028065253,3,JLHW_Canaan
D IH JH,0.108172105,3,JLHW_Canaan
D IH T,0.854037295,3,JLHW_Canaan
D IH TH,-0.061055132,3,JLHW_Canaan
D IH V,0.317206366,3,JLHW_Canaan
D IH Z,0.303011262,3,JLHW_Canaan
D IH ZH,-0.999048035,3,JLHW_Canaan
D IY K,0.673112511,3,JLHW_Canaan
D IY S,-0.068910965,3,JLHW_Canaan
D IY T,0.924943135,3,JLHW_Canaan
DH AH CH,-0.702029404,3,JLHW_Canaan
DH AH D,-0.275776656,3,JLHW_Canaan
DH AH G,-0.464521848,3,JLHW_Canaan
DH AH SH,-0.698234477,3,JLHW_Canaan
DH AH V,-1.440010379,3,JLHW_Canaan
DH AH ZH,-1.281075021,3,JLHW_Canaan
DH AY B,-0.84162689,3,JLHW_Canaan
DH AY DH,-1.243214245,3,JLHW_Canaan
DH AY M,-0.64403746,3,JLHW_Canaan
DH AY P,-0.777005075,3,JLHW_Canaan
DH AY V,0.174841975,3,JLHW_Canaan
DH IY CH,-1.220663123,3,JLHW_Canaan
DH IY DH,-1.46011919,3,JLHW_Canaan
DH IY G,-0.871100106,3,JLHW_Canaan
DH IY SH,-0.872385057,3,JLHW_Canaan
DH IY TH,-1.118875872,3,JLHW_Canaan
EH S G ER,-0.441232219,3,JLHW_Canaan
EH Z G ER,-0.659983617,3,JLHW_Canaan
F AE L,0.558412305,3,JLHW_Canaan
F AE S,0.635225345,3,JLHW_Canaan
F AH L,1.256349278,3,JLHW_Canaan
F AW JH,-0.49632575,3,JLHW_Canaan
F AY DH,-0.63120965,3,JLHW_Canaan
F AY K,0.457337761,3,JLHW_Canaan
F EH K,0.726962107,3,JLHW_Canaan
F EH S,1.139875561,3,JLHW_Canaan
F ER S,0.391739498,3,JLHW_Canaan
F ER T,0.377731461,3,JLHW_Canaan
F IH K,0.88706683,3,JLHW_Canaan
F IH S,0.522798961,3,JLHW_Canaan
F IY K,-0.006470571,3,JLHW_Canaan
F IY N,0.6859324,3,JLHW_Canaan
F IY S,0.523640794,3,JLHW_Canaan
F UW DH,-0.65716394,3,JLHW_Canaan
F UW SH,-0.16345337,3,JLHW_Canaan
F UW TH,-0.518545818,3,JLHW_Canaan
F UW V,-0.521718205,3,JLHW_Canaan
F UW ZH,-0.928895273,3,JLHW_Canaan
G AE N,0.48052666,3,JLHW_Canaan
G AO B,-0.283301808,3,JLHW_Canaan
G AO CH,-0.367217479,3,JLHW_Canaan
G AO TH,0.446061241,3,JLHW_Canaan
G AW CH,0.416172782,3,JLHW_Canaan
G AW D,0.15919376,3,JLHW_Canaan
G AW R,-0.364780299,3,JLHW_Canaan
G AW TH,0.053984046,3,JLHW_Canaan
G AW Z,0.035210781,3,JLHW_Canaan
G AY B,0.228912522,3,JLHW_Canaan
G AY DH,-0.563009832,3,JLHW_Canaan
G AY N,0.284710412,3,JLHW_Canaan
G EH N,0.052271345,3,JLHW_Canaan
G ER G,-0.476687194,3,JLHW_Canaan
G EY S,0.462728874,3,JLHW_Canaan
G EY ZH,-0.609879718,3,JLHW_Canaan
G IH N,0.723023577,3,JLHW_Canaan
G IH S,0.399001003,3,JLHW_Canaan
G IY CH,0.048417112,3,JLHW_Canaan
G IY DH,-1.009113266,3,JLHW_Canaan
G IY JH,-0.369684055,3,JLHW_Canaan
G IY SH,-0.180696632,3,JLHW_Canaan
G IY TH,-0.313529175,3,JLHW_Canaan
G UW DH,-0.917469577,3,JLHW_Canaan
G UW SH,-0.070374335,3,JLHW_Canaan
G UW TH,-0.196810636,3,JLHW_Canaan
G UW V,0.004213446,3,JLHW_Canaan
G UW ZH,-0.4489889,3,JLHW_Canaan
HH AE N,0.619410996,3,JLHW_Canaan
HH AE S,0.780964806,3,JLHW_Canaan
HH AH S,-0.106511206,3,JLHW_Canaan
HH AY N,0.925105961,3,JLHW_Canaan
HH AY S,0.394691417,3,JLHW_Canaan
HH EH S,0.435859042,3,JLHW_Canaan
HH EY N,1.37407386,3,JLHW_Canaan
HH EY S,0.607557019,3,JLHW_Canaan
HH IY N,0.025772894,3,JLHW_Canaan
HH L AH P,-0.976722918,3,JLHW_Canaan
HH M IH T,-1.61281401,3,JLHW_Canaan
HH UW DH,-0.709590808,3,JLHW_Canaan
HH UW SH,-0.152993181,3,JLHW_Canaan
HH UW ZH,-0.604632994,3,JLHW_Canaan
JH AH N,-0.258406426,3,JLHW_Canaan
JH AO B,0.454906186,3,JLHW_Canaan
JH AW CH,-0.461427128,3,JLHW_Canaan
JH AW D,-0.14313112,3,JLHW_Canaan
JH AW JH,-0.304755727,3,JLHW_Canaan
JH AW R,-0.28556296,3,JLHW_Canaan
JH AW T,0.225163472,3,JLHW_Canaan
JH AW TH,-0.275174014,3,JLHW_Canaan
JH AW Y,-1.406967565,3,JLHW_Canaan
JH AW Z,-0.297963113,3,JLHW_Canaan
JH AY DH,-0.840796665,3,JLHW_Canaan
JH AY M,0.410635208,3,JLHW_Canaan
JH AY N,0.181232999,3,JLHW_Canaan
JH AY P,0.302794924,3,JLHW_Canaan
JH AY Z,-0.432247663,3,JLHW_Canaan
JH ER TH,-0.294395762,3,JLHW_Canaan
JH EY DH,-0.985906055,3,JLHW_Canaan
JH EY G,-0.579825986,3,JLHW_Canaan
JH EY JH,-0.604548648,3,JLHW_Canaan
JH EY TH,-0.391047136,3,JLHW_Canaan
JH EY ZH,-1.275315328,3,JLHW_Canaan
JH IH S,0.296493739,3,JLHW_Canaan
JH UW DH,-0.917390931,3,JLHW_Canaan
JH UW SH,-0.502251856,3,JLHW_Canaan
K AE DH,-0.679763811,3,JLHW_Canaan
K AE G,0.436976981,3,JLHW_Canaan
K AE K,0.723187333,3,JLHW_Canaan
K AE NG,0.062830056,3,JLHW_Canaan
K AE TH,0.592843441,3,JLHW_Canaan
K AE Z,0.462255151,3,JLHW_Canaan
K AE ZH,-0.369207484,3,JLHW_Canaan
K AH K,1.19549388,3,JLHW_Canaan
K AH N,0.080585409,3,JLHW_Canaan
K AH N IH F L,-1.33708716,3,JLHW_Canaan
K AH N IH F T,-0.487820922,3,JLHW_Canaan
K AY DH,-0.943292768,3,JLHW_Canaan
K EH K,0.848542357,3,JLHW_Canaan
K EH L,0.872596153,3,JLHW_Canaan
K EH S,0.357000096,3,JLHW_Canaan
K ER M,0.266800911,3,JLHW_Canaan
K ER N,1.368764208,3,JLHW_Canaan
K EY B,0.422731506,3,JLHW_Canaan
K EY D,1.075370122,3,JLHW_Canaan
K IH L P,0.487898161,3,JLHW_Canaan
K IH P L,-0.610672465,3,JLHW_Canaan
K IY K,0.240716308,3,JLHW_Canaan
K IY S,-0.144724056,3,JLHW_Canaan
K IY T,0.709127295,3,JLHW_Canaan
K L OW P,0.685590614,3,JLHW_Canaan
K N OW P,-0.994614869,3,JLHW_Canaan
K P IH NG,-1.386315486,3,JLHW_Canaan
K T AY S,-1.230979697,3,JLHW_Canaan
L AE L,-0.415068838,3,JLHW_Canaan
L AE N,1.189292892,3,JLHW_Canaan
L AE T,1.352306024,3,JLHW_Canaan
L AH N,-0.070036173,3,JLHW_Canaan
L AW CH,0.335671534,3,JLHW_Canaan
L AW JH,-0.131880589,3,JLHW_Canaan
L AW TH,-0.246842869,3,JLHW_Canaan
L EH L,0.112304076,3,JLHW_Canaan
L ER TH,-0.142283326,3,JLHW_Canaan
L ER Z,-0.64677633,3,JLHW_Canaan
L EY L,0.62188808,3,JLHW_Canaan
L IH S,0.599192356,3,JLHW_Canaan
M AE B,0.515445142,3,JLHW_Canaan
M AE L,0.946628005,3,JLHW_Canaan
M AE V,0.671929548,3,JLHW_Canaan
M AE Z,0.287584748,3,JLHW_Canaan
M AH B,0.027199903,3,JLHW_Canaan
M AH N,0.593841376,3,JLHW_Canaan
M AY D,0.418257952,3,JLHW_Canaan
M EH K,0.8360257,3,JLHW_Canaan
M EH M,0.501735668,3,JLHW_Canaan
M ER N,0.338363245,3,JLHW_Canaan
M ER S,0.593270152,3,JLHW_Canaan
M EY B,0.580815583,3,JLHW_Canaan
M EY P,1.055569638,3,JLHW_Canaan
M IH M,0.596941133,3,JLHW_Canaan
M IH P,0.685569414,3,JLHW_Canaan
M UW DH,-0.538846976,3,JLHW_Canaan
M UW SH,0.281962084,3,JLHW_Canaan
M UW ZH,-0.51931912,3,JLHW_Canaan
N AE L,0.218292162,3,JLHW_Canaan
N AO B,0.338190804,3,JLHW_Canaan
N AO D,-0.41442346,3,JLHW_Canaan
N AO NG,-0.966695678,3,JLHW_Canaan
N AO TH,-0.448557157,3,JLHW_Canaan
N AW CH,-0.024871469,3,JLHW_Canaan
N AW D,0.480274919,3,JLHW_Canaan
N AW JH,-0.703958742,3,JLHW_Canaan
N AW TH,-0.319727323,3,JLHW_Canaan
N AY DH,-0.430870916,3,JLHW_Canaan
N EH N,-0.046557673,3,JLHW_Canaan
N ER G,-0.104861806,3,JLHW_Canaan
N ER TH,0.265896551,3,JLHW_Canaan
N ER Z,-0.674235258,3,JLHW_Canaan
N EY N,0.332270003,3,JLHW_Canaan
N EY S,0.666166656,3,JLHW_Canaan
N IH N,0.445153866,3,JLHW_Canaan
N IH S,0.489383742,3,JLHW_Canaan
N IY N,0.208121391,3,JLHW_Canaan
P AE B,0.783832289,3,JLHW_Canaan
P AE G,0.634711803,3,JLHW_Canaan
P AE JH,0.901774393,3,JLHW_Canaan
P AE V,0.287281553,3,JLHW_Canaan
P AE Z,0.43673133,3,JLHW_Canaan
P AH L,0.437549778,3,JLHW_Canaan
P AH M,0.86285979,3,JLHW_Canaan
P AW JH,-0.27645106,3,JLHW_Canaan
P AY T,0.710870741,3,JLHW_Canaan
P EH L,1.402920399,3,JLHW_Canaan
P EH M,0.436425887,3,JLHW_Canaan
P EH S,0.417509492,3,JLHW_Canaan
P ER B,0.210151078,3,JLHW_Canaan
P ER D,0.354907239,3,JLHW_Canaan
P ER N,0.628019243,3,JLHW_Canaan
P ER V,1.753530504,3,JLHW_Canaan
P EY B,0.421483779,3,JLHW_Canaan
P EY K,0.866383345,3,JLHW_Canaan
P EY M,0.808561495,3,JLHW_Canaan
P EY P,0.919279668,3,JLHW_Canaan
P IH M,0.907973436,3,JLHW_Canaan
P IY M,0.164426781,3,JLHW_Canaan
P L AH P,0.816641389,3,JLHW_Canaan
P N EH K,-1.199065925,3,JLHW_Canaan
P UW DH,-0.779561727,3,JLHW_Canaan
P UW SH,0.149631196,3,JLHW_Canaan
P UW ZH,-0.801840231,3,JLHW_Canaan
P W IH K AH N,-0.754033686,3,JLHW_Canaan
R AE L,0.277698468,3,JLHW_Canaan
R AH F K,-0.987140349,3,JLHW_Canaan
R AH F T,0.251823569,3,JLHW_Canaan
R AH L,0.581103285,3,JLHW_Canaan
R AO CH,-0.177830531,3,JLHW_Canaan
R AO SH,-0.694478906,3,JLHW_Canaan
R AW JH,0.00443454,3,JLHW_Canaan
R AY R,0.011688924,3,JLHW_Canaan
R EH L,0.883411269,3,JLHW_Canaan
R EH M,1.212976359,3,JLHW_Canaan
R EH P,2.558247337,3,JLHW_Canaan
R EH S,0.612739945,3,JLHW_Canaan
R EY B,0.731422538,3,JLHW_Canaan
R EY M,0.9063405,3,JLHW_Canaan
R IH DH,-0.605789645,3,JLHW_Canaan
R IH N,0.662034675,3,JLHW_Canaan
R IH S,0.405915427,3,JLHW_Canaan
R IH SH,0.100404602,3,JLHW_Canaan
R IH TH,0.36918037,3,JLHW_Canaan
R IH V,0.334722431,3,JLHW_Canaan
R IH Z,0.287045939,3,JLHW_Canaan
R IH ZH,-0.727864595,3,JLHW_Canaan
R IY G,-0.091806063,3,JLHW_Canaan
R IY N,0.621434994,3,JLHW_Canaan
R IY S,0.637015325,3,JLHW_Canaan
R IY T,0.518613793,3,JLHW_Canaan
R IY Z,0.172676004,3,JLHW_Canaan
S AE N,0.37374841,3,JLHW_Canaan
S AH D,1.119733612,3,JLHW_Canaan
S AH D EH K P,-1.486960717,3,JLHW_Canaan
S AH D EH K T,-0.290035785,3,JLHW_Canaan
S AH G,-0.25224262,3,JLHW_Canaan
S AH JH,0.25886779,3,JLHW_Canaan
S AH L,1.039970697,3,JLHW_Canaan
S AH S,0.921929568,3,JLHW_Canaan
S AH SH,0.018091645,3,JLHW_Canaan
S AH T,0.444895077,3,JLHW_Canaan
S AH V,-0.975401558,3,JLHW_Canaan
S AH Z,-0.612591997,3,JLHW_Canaan
S AY B,0.073921179,3,JLHW_Canaan
S AY K,1.627622885,3,JLHW_Canaan
S AY L,0.697217508,3,JLHW_Canaan
S AY M,0.304914887,3,JLHW_Canaan
S AY P,0.625391416,3,JLHW_Canaan
S AY S,0.355577162,3,JLHW_Canaan
S AY V,0.186884202,3,JLHW_Canaan
S EH B,0.210320953,3,JLHW_Canaan
S EH CH,0.116547207,3,JLHW_Canaan
S EH DH,-0.646574401,3,JLHW_Canaan
S EH G,0.719582226,3,JLHW_Canaan
S EH M,0.529794371,3,JLHW_Canaan
S EH NG,0.064017109,3,JLHW_Canaan
S EH P,0.482561396,3,JLHW_Canaan
S EH R,-0.060343065,3,JLHW_Canaan
S EH S,0.019174792,3,JLHW_Canaan
S EH SH,0.689871908,3,JLHW_Canaan
S EH V,0.056779352,3,JLHW_Canaan
S EH ZH,-0.816295881,3,JLHW_Canaan
S ER D,0.292353357,3,JLHW_Canaan
S ER G,-0.03086726,3,JLHW_Canaan
S ER K,0.482953819,3,JLHW_Canaan
S ER L,-0.828563583,3,JLHW_Canaan
S ER M,0.164730271,3,JLHW_Canaan
S ER N,0.774661339,3,JLHW_Canaan
S ER P,0.478701947,3,JLHW_Canaan
S ER S,0.002459689,3,JLHW_Canaan
S ER T,0.788884315,3,JLHW_Canaan
S ER Z,-0.418638895,3,JLHW_Canaan
S EY B,0.742587146,3,JLHW_Canaan
S EY D,1.047286189,3,JLHW_Canaan
S EY P,0.837370702,3,JLHW_Canaan
S EY S,0.27555515,3,JLHW_Canaan
S IH JH,0.357750639,3,JLHW_Canaan
S IH M,1.655451138,3,JLHW_Canaan
S IH Z,0.467959894,3,JLHW_Canaan
S IY G,0.105749751,3,JLHW_Canaan
S IY V,0.61717729,3,JLHW_Canaan
S M IH T,1.200068452,3,JLHW_Canaan
S N EH K,0.435093838,3,JLHW_Canaan
S P IH NG,0.346731848,3,JLHW_Canaan
S T AY S,0.306036143,3,JLHW_Canaan
SH AE N,0.721962949,3,JLHW_Canaan
SH AH CH,-0.286264601,3,JLHW_Canaan
SH AH JH,-0.16683215,3,JLHW_Canaan
SH AH P EH N R,-1.278644859,3,JLHW_Canaan
SH AH P EH N T,-0.273593517,3,JLHW_Canaan
SH AO B,-0.431856308,3,JLHW_Canaan
SH AO CH,-0.939724807,3,JLHW_Canaan
SH AO D,-0.058545847,3,JLHW_Canaan
SH AO G,-0.161112054,3,JLHW_Canaan
SH AO NG,-0.593494143,3,JLHW_Canaan
SH AO SH,-0.573860568,3,JLHW_Canaan
SH AO TH,-0.423507052,3,JLHW_Canaan
SH AO Z,-0.778865969,3,JLHW_Canaan
SH AW CH,-0.711449717,3,JLHW_Canaan
SH AW D,0.046654064,3,JLHW_Canaan
SH AW JH,-0.638927729,3,JLHW_Canaan
SH AW L,4.48E-04,3,JLHW_Canaan
SH AW TH,-0.40857583,3,JLHW_Canaan
SH AW Z,-0.192391755,3,JLHW_Canaan
SH AY B,0.235571993,3,JLHW_Canaan
SH AY DH,-0.743349056,3,JLHW_Canaan
SH AY M,0.725285283,3,JLHW_Canaan
SH AY P,0.429800736,3,JLHW_Canaan
SH AY V,0.543251914,3,JLHW_Canaan
SH EH N,0.410465094,3,JLHW_Canaan
SH ER CH,-0.222539547,3,JLHW_Canaan
SH ER G,-0.457240342,3,JLHW_Canaan
SH ER JH,-0.754579511,3,JLHW_Canaan
SH ER TH,0.065030347,3,JLHW_Canaan
SH ER Z,-0.768016618,3,JLHW_Canaan
SH EY DH,-0.685531901,3,JLHW_Canaan
SH EY G,-0.648973852,3,JLHW_Canaan
SH EY JH,-0.75305097,3,JLHW_Canaan
SH EY TH,-0.121023897,3,JLHW_Canaan
SH EY ZH,-1.2401423,3,JLHW_Canaan
SH IH S,-0.266420561,3,JLHW_Canaan
SH UW DH,-0.637035669,3,JLHW_Canaan
SH UW TH,0.407178352,3,JLHW_Canaan
SH UW V,0.042957687,3,JLHW_Canaan
SH UW ZH,-0.797365576,3,JLHW_Canaan
T AE L,0.319031771,3,JLHW_Canaan
T AH L,1.333476817,3,JLHW_Canaan
T AW CH,-0.123375014,3,JLHW_Canaan
T AW JH,-0.21120521,3,JLHW_Canaan
T AY B,0.480574303,3,JLHW_Canaan
T AY S,1.151895593,3,JLHW_Canaan
T AY W,-1.291547247,3,JLHW_Canaan
T EH M,0.370873792,3,JLHW_Canaan
T EH T,0.300582756,3,JLHW_Canaan
T ER T,0.750869031,3,JLHW_Canaan
T EY N,1.029027953,3,JLHW_Canaan
T EY S,0.779902557,3,JLHW_Canaan
T IH L R,-0.90203385,3,JLHW_Canaan
T IH L S,-0.275061404,3,JLHW_Canaan
T IH S,0.845917766,3,JLHW_Canaan
T R AA K D AH L,0.100939039,3,JLHW_Canaan
T R AA K T AH L,0.448150994,3,JLHW_Canaan
T R EH F K,-0.867573889,3,JLHW_Canaan
T R EH F T,0.628183586,3,JLHW_Canaan
T W IH K AH N,0.684005522,3,JLHW_Canaan
TH AE N,1.018557457,3,JLHW_Canaan
TH AH CH,-0.291208778,3,JLHW_Canaan
TH AH JH,0.489759269,3,JLHW_Canaan
TH AH SH,0.094906719,3,JLHW_Canaan
TH AH Z,-0.459742857,3,JLHW_Canaan
TH AO B,-0.175790195,3,JLHW_Canaan
TH AO CH,-0.252396098,3,JLHW_Canaan
TH AO G,-0.272708798,3,JLHW_Canaan
TH AO SH,-0.667282704,3,JLHW_Canaan
TH AO TH,-0.664802536,3,JLHW_Canaan
TH ER TH,-0.64967052,3,JLHW_Canaan
TH ER Z,-0.590278771,3,JLHW_Canaan
TH EY DH,-0.906562469,3,JLHW_Canaan
TH EY G,-0.854781933,3,JLHW_Canaan
TH EY JH,-0.290157929,3,JLHW_Canaan
TH EY TH,-0.621453627,3,JLHW_Canaan
TH EY Z,0.137369587,3,JLHW_Canaan
TH EY ZH,-0.753797451,3,JLHW_Canaan
TH IH S,0.101950633,3,JLHW_Canaan
TH IY N,0.027503607,3,JLHW_Canaan
V AE S,0.639743248,3,JLHW_Canaan
V AW JH,-0.216699319,3,JLHW_Canaan
V AW R,-0.251781387,3,JLHW_Canaan
V AW TH,-0.48513409,3,JLHW_Canaan
V AY K,0.684644054,3,JLHW_Canaan
V AY R,0.795332133,3,JLHW_Canaan
V AY T,0.683398796,3,JLHW_Canaan
V EH L,0.694760776,3,JLHW_Canaan
V EH R,-0.180877728,3,JLHW_Canaan
V EH S,0.701316346,3,JLHW_Canaan
V ER N,1.018148272,3,JLHW_Canaan
V EY DH,-1.089758794,3,JLHW_Canaan
V EY T,0.648419751,3,JLHW_Canaan
V EY ZH,-0.790004373,3,JLHW_Canaan
V IH L,0.817603411,3,JLHW_Canaan
V IH N,0.987743102,3,JLHW_Canaan
V IH S,0.428459469,3,JLHW_Canaan
V IY N,0.411061478,3,JLHW_Canaan
W AE N,0.493143522,3,JLHW_Canaan
W AH CH,-0.038204591,3,JLHW_Canaan
W AH JH,-0.293694182,3,JLHW_Canaan
W AH SH,0.225188701,3,JLHW_Canaan
W AY DH,-0.790992396,3,JLHW_Canaan
W EY S,0.451072623,3,JLHW_Canaan
W IH S,0.46487098,3,JLHW_Canaan
W UW DH,-0.72733665,3,JLHW_Canaan
W UW TH,0.005320573,3,JLHW_Canaan
W UW V,0.694123334,3,JLHW_Canaan
W UW ZH,-0.806439373,3,JLHW_Canaan
Y AE N,0.651687743,3,JLHW_Canaan
Y AH CH,-0.438531006,3,JLHW_Canaan
Y AH JH,-0.833531964,3,JLHW_Canaan
Y AH SH,-0.453174334,3,JLHW_Canaan
Y AH Z,-0.470909336,3,JLHW_Canaan
Y AO CH,-0.351620257,3,JLHW_Canaan
Y AO D,-0.33724222,3,JLHW_Canaan
Y AO G,-0.364631561,3,JLHW_Canaan
Y AO NG,-0.735106665,3,JLHW_Canaan
Y AO SH,-0.574820674,3,JLHW_Canaan
Y AO TH,-0.55102328,3,JLHW_Canaan
Y AW CH,-0.12986126,3,JLHW_Canaan
Y AW D,-0.449166167,3,JLHW_Canaan
Y AW JH,-0.545097983,3,JLHW_Canaan
Y AW R,-0.647795369,3,JLHW_Canaan
Y AW T,-0.405498599,3,JLHW_Canaan
Y AW TH,-0.590406188,3,JLHW_Canaan
Y AW Z,-0.580427759,3,JLHW_Canaan
Y ER CH,-0.281489363,3,JLHW_Canaan
Y ER G,-0.167693111,3,JLHW_Canaan
Y ER P,-0.155506781,3,JLHW_Canaan
Y ER TH,-0.013949634,3,JLHW_Canaan
Y ER V,-0.547732071,3,JLHW_Canaan
Y ER Z,-0.478477536,3,JLHW_Canaan
Y IH S,0.186316597,3,JLHW_Canaan
Y IY CH,-0.878222982,3,JLHW_Canaan
Y IY DH,-0.996036005,3,JLHW_Canaan
Y IY G,-0.740750629,3,JLHW_Canaan
Y IY JH,-0.690477138,3,JLHW_Canaan
Y IY SH,0.022559748,3,JLHW_Canaan
Y IY TH,-0.117480219,3,JLHW_Canaan
Z AE N,1.037228245,3,JLHW_Canaan
Z IH S,-0.177569425,3,JLHW_Canaan
Z IY CH,-0.251895795,3,JLHW_Canaan
Z IY DH,-0.816092932,3,JLHW_Canaan
Z IY G,-0.407239383,3,JLHW_Canaan
Z IY JH,-0.90892898,3,JLHW_Canaan
Z IY SH,-0.224990254,3,JLHW_Canaan
Z IY TH,-0.089293378,3,JLHW_Canaan
Z UW B,-0.384086733,3,JLHW_Canaan
Z UW DH,-0.826277089,3,JLHW_Canaan
Z UW SH,-0.080308914,3,JLHW_Canaan
Z UW TH,-0.118864261,3,JLHW_Canaan
Z UW V,-0.084328495,3,JLHW_Canaan
Z UW ZH,-0.936778155,3,JLHW_Canaan
B AA DH,-0.885322805,4,BreissSundara
B AH CH,0.912545034,4,BreissSundara
B AH SH,1.713498976,4,BreissSundara
B AH TH,0.144582821,4,BreissSundara
B AO SH,0.348357877,4,BreissSundara
B AY F,-0.402013707,4,BreissSundara
B ER JH,1.257421165,4,BreissSundara
B ER M,1.814944744,4,BreissSundara
B ER SH,0.711295016,4,BreissSundara
B EY P,-0.172198772,4,BreissSundara
B EY TH,0.044627451,4,BreissSundara
B EY V,1.168712653,4,BreissSundara
B IY G,0.518108783,4,BreissSundara
B OY D,0.88418974,4,BreissSundara
B OY G,0.343788964,4,BreissSundara
B OY Z,1.582592436,4,BreissSundara
CH AA CH,0.646566663,4,BreissSundara
CH AA SH,0.268091599,4,BreissSundara
CH AA TH,-0.098470993,4,BreissSundara
CH AA V,-0.405414947,4,BreissSundara
CH AE NG,0.341963112,4,BreissSundara
CH AH B,1.592927539,4,BreissSundara
CH AH NG,0.354881422,4,BreissSundara
CH AH V,-0.606065463,4,BreissSundara
CH AY SH,-0.549429029,4,BreissSundara
CH AY ZH,-2.514705265,4,BreissSundara
CH EH F,1.347542848,4,BreissSundara
CH EH TH,0.431079295,4,BreissSundara
CH ER D,0.268512966,4,BreissSundara
CH ER JH,0.277208777,4,BreissSundara
CH EY JH,0.431215881,4,BreissSundara
CH IY D,0.857520883,4,BreissSundara
D AH SH,0.715403726,4,BreissSundara
D AO D,-0.692593409,4,BreissSundara
D AW D,0.552240658,4,BreissSundara
D AW JH,-0.668940156,4,BreissSundara
D ER CH,-0.549659457,4,BreissSundara
D ER D,0.516150613,4,BreissSundara
D ER G,0.282231528,4,BreissSundara
D ER M,1.413108082,4,BreissSundara
D ER SH,0.339729329,4,BreissSundara
D EY P,0.033916816,4,BreissSundara
D EY TH,-0.768689145,4,BreissSundara
D OY Z,0.154561661,4,BreissSundara
D UH D,-0.550848907,4,BreissSundara
D UH G,1.53555803,4,BreissSundara
D UH K,0.861630523,4,BreissSundara
D UW V,-0.86745296,4,BreissSundara
D UW Z,-0.290838699,4,BreissSundara
DH AA B,-0.248437287,4,BreissSundara
DH AA CH,-1.802621982,4,BreissSundara
DH AA JH,-1.544357702,4,BreissSundara
DH AA S,-0.322384882,4,BreissSundara
DH AA V,-1.15943642,4,BreissSundara
DH AO K,-2.382842188,4,BreissSundara
DH AO R,-2.697857199,4,BreissSundara
DH AO T,0.209252424,4,BreissSundara
DH AO Z,-1.331181886,4,BreissSundara
DH EH B,-0.342451985,4,BreissSundara
DH EH CH,-1.440293024,4,BreissSundara
DH EY V,-0.698739515,4,BreissSundara
DH IH DH,-2.138625342,4,BreissSundara
DH IH SH,-0.81020085,4,BreissSundara
DH IH ZH,-3.595913697,4,BreissSundara
DH IY D,0.313042986,4,BreissSundara
DH IY JH,-1.215928235,4,BreissSundara
DH IY P,0.273553338,4,BreissSundara
DH IY T,-0.127671444,4,BreissSundara
DH IY V,-1.065963087,4,BreissSundara
DH OW B,-0.847259646,4,BreissSundara
DH OW DH,-0.872496837,4,BreissSundara
DH OW JH,-0.828111243,4,BreissSundara
DH OW NG,-1.083103838,4,BreissSundara
DH OW SH,-1.145253869,4,BreissSundara
DH OW ZH,-1.310827741,4,BreissSundara
DH UH D,-1.565852944,4,BreissSundara
DH UH K,-1.991617684,4,BreissSundara
DH UH L,0.029638429,4,BreissSundara
DH UH R,0.258890388,4,BreissSundara
F AA DH,-1.58419736,4,BreissSundara
F AA TH,-0.996790595,4,BreissSundara
F AH F,0.964364596,4,BreissSundara
F AH NG,0.483085866,4,BreissSundara
F AH SH,0.246521483,4,BreissSundara
F AO D,-0.09054691,4,BreissSundara
F AO K,0.105026094,4,BreissSundara
F AO NG,-0.375701954,4,BreissSundara
F AY B,-0.031275999,4,BreissSundara
F AY SH,-0.482604483,4,BreissSundara
F AY Z,0.681460281,4,BreissSundara
F ER SH,0.619323737,4,BreissSundara
F IY CH,0.551591514,4,BreissSundara
F IY P,0.775635841,4,BreissSundara
F IY V,0.627889348,4,BreissSundara
F OY K,0.147028932,4,BreissSundara
F UH NG,0.483085866,4,BreissSundara
F UH SH,0.246521483,4,BreissSundara
F UW G,-0.344677236,4,BreissSundara
F UW NG,-1.391947744,4,BreissSundara
G AA JH,-1.334252361,4,BreissSundara
G AH TH,-0.381154502,4,BreissSundara
G AO B,0.01534175,4,BreissSundara
G AO D,0.559717531,4,BreissSundara
G AO SH,0.627777504,4,BreissSundara
G AW Z,1.090669643,4,BreissSundara
G AY SH,-0.737643105,4,BreissSundara
G AY ZH,-2.055153478,4,BreissSundara
G EH F,0.202866799,4,BreissSundara
G ER T,0.808330528,4,BreissSundara
G EY G,-1.770167735,4,BreissSundara
G IY F,0.022579045,4,BreissSundara
G IY G,-0.738485076,4,BreissSundara
G OW DH,-0.457737677,4,BreissSundara
G OW JH,-0.139698392,4,BreissSundara
G OW P,0.684652889,4,BreissSundara
G OW ZH,-0.856352658,4,BreissSundara
G OY D,0.846128517,4,BreissSundara
G OY L,0.95576783,4,BreissSundara
G UW D,2.397576992,4,BreissSundara
G UW K,-0.209269158,4,BreissSundara
G UW M,0.645999924,4,BreissSundara
G UW P,1.798414637,4,BreissSundara
G UW SH,0.299417473,4,BreissSundara
HH AH TH,0.708769234,4,BreissSundara
HH AW JH,0.059656327,4,BreissSundara
HH ER K,0.747584233,4,BreissSundara
HH ER TH,1.444077752,4,BreissSundara
HH ER V,0.450540098,4,BreissSundara
HH EY M,0.81890842,4,BreissSundara
HH IY M,0.98572013,4,BreissSundara
HH OW DH,0.081534117,4,BreissSundara
HH OW F,-0.305846547,4,BreissSundara
HH OY K,-0.029273196,4,BreissSundara
HH OY L,1.191826527,4,BreissSundara
HH OY Z,0.509424418,4,BreissSundara
HH UH G,1.836130761,4,BreissSundara
HH UH S,0.637241109,4,BreissSundara
HH UH SH,2.114861077,4,BreissSundara
JH AA F,-0.56718708,4,BreissSundara
JH AA P,-0.799723756,4,BreissSundara
JH AE CH,-0.130342619,4,BreissSundara
JH AE JH,0.460520459,4,BreissSundara
JH AE SH,0.882893879,4,BreissSundara
JH AE TH,-0.018359599,4,BreissSundara
JH AH B,0.615818962,4,BreissSundara
JH AH F,0.172693993,4,BreissSundara
JH AO G,-0.721860247,4,BreissSundara
JH AW M,-0.046575058,4,BreissSundara
JH AY SH,-2.236115974,4,BreissSundara
JH EH G,0.342008751,4,BreissSundara
JH ER P,0.101659602,4,BreissSundara
JH ER S,-0.002470278,4,BreissSundara
JH ER V,0.025664812,4,BreissSundara
JH EY M,-0.25916498,4,BreissSundara
JH IH TH,0.686060409,4,BreissSundara
JH IY JH,-0.23508566,4,BreissSundara
JH IY TH,0.517765785,4,BreissSundara
JH IY ZH,0.022632064,4,BreissSundara
JH UH R,0.226324487,4,BreissSundara
JH UW F,-0.337446991,4,BreissSundara
JH UW Z,0.442951954,4,BreissSundara
K AY ZH,-1.426216471,4,BreissSundara
K EY F,0.564190162,4,BreissSundara
K OY G,-0.161897266,4,BreissSundara
K OY Z,-0.478592382,4,BreissSundara
K UW CH,1.118287314,4,BreissSundara
L AA CH,0.014285095,4,BreissSundara
L AA SH,0.495883984,4,BreissSundara
L AA TH,0.402242405,4,BreissSundara
L AH B,1.160475049,4,BreissSundara
L AH F,1.128458523,4,BreissSundara
L EY G,0.96348226,4,BreissSundara
L EY JH,0.758283645,4,BreissSundara
L EY Z,0.651289596,4,BreissSundara
L OW G,0.836310907,4,BreissSundara
L OY D,1.507014163,4,BreissSundara
L OY L,0.73431499,4,BreissSundara
L OY T,0.80636123,4,BreissSundara
L UH Z,-0.040443769,4,BreissSundara
L UW F,1.522966608,4,BreissSundara
M AA DH,-0.242770154,4,BreissSundara
M AH V,0.397808646,4,BreissSundara
M AW D,0.04019767,4,BreissSundara
M ER CH,2.488757402,4,BreissSundara
M ER D,1.071501356,4,BreissSundara
M EY ZH,-0.485948562,4,BreissSundara
M IY DH,0.320466084,4,BreissSundara
M OY CH,-0.080525172,4,BreissSundara
M OY JH,-0.221606279,4,BreissSundara
M UH SH,2.471022286,4,BreissSundara
N AA V,-0.081584228,4,BreissSundara
N AA Z,-0.169411308,4,BreissSundara
N AH K,1.494361543,4,BreissSundara
N AH P,1.01730755,4,BreissSundara
N AH SH,0.439673318,4,BreissSundara
N AO B,0.410068725,4,BreissSundara
N AW D,0.596493823,4,BreissSundara
N AW S,-0.014248096,4,BreissSundara
N AW T,-0.071807031,4,BreissSundara
N AY B,0.21621503,4,BreissSundara
N AY K,-0.337348997,4,BreissSundara
N AY M,0.173937755,4,BreissSundara
N AY V,0.361044007,4,BreissSundara
N AY Z,-0.839977234,4,BreissSundara
N ER M,0.797489725,4,BreissSundara
N EY DH,-1.390617885,4,BreissSundara
N EY G,-0.387126226,4,BreissSundara
N EY JH,0.214047623,4,BreissSundara
N IY F,0.366075956,4,BreissSundara
N IY Z,0.947505558,4,BreissSundara
N OY D,1.234934931,4,BreissSundara
N OY L,0.91979291,4,BreissSundara
N UH D,0.020193752,4,BreissSundara
NG AY G,-3.427590863,4,BreissSundara
NG OW B,-1.488264726,4,BreissSundara
NG UH D,-4.644947125,4,BreissSundara
NG UH N,-2.829138563,4,BreissSundara
NG UH R,-1.103524399,4,BreissSundara
P AY SH,-1.087023344,4,BreissSundara
P ER TH,1.675112188,4,BreissSundara
P OY G,0.726399832,4,BreissSundara
P UH G,1.59172548,4,BreissSundara
R AH CH,0.745959276,4,BreissSundara
R AH JH,1.319047692,4,BreissSundara
R AH TH,1.19337277,4,BreissSundara
R AO D,1.640960704,4,BreissSundara
R AO SH,0.281511493,4,BreissSundara
R AW DH,-0.708191159,4,BreissSundara
R AW TH,0.721419353,4,BreissSundara
R AY SH,-0.251448398,4,BreissSundara
R OY D,1.646057134,4,BreissSundara
R OY Z,0.927934621,4,BreissSundara
R UH Z,0.329891186,4,BreissSundara
S AO SH,-0.763730898,4,BreissSundara
S AW NG,-0.239619229,4,BreissSundara
S ER TH,0.734350076,4,BreissSundara
S UH ZH,-1.891840299,4,BreissSundara
SH AA B,0.476885334,4,BreissSundara
SH AA DH,-0.843943059,4,BreissSundara
SH AA Z,-0.441628432,4,BreissSundara
SH AE CH,-0.37779551,4,BreissSundara
SH AE DH,-1.398984342,4,BreissSundara
SH AE JH,-0.391389111,4,BreissSundara
SH AH B,0.503038885,4,BreissSundara
SH EH G,0.59139632,4,BreissSundara
SH IH NG,0.37606604,4,BreissSundara
SH UH F,-1.032130219,4,BreissSundara
SH UH Z,0.243986991,4,BreissSundara
SH UW Z,1.509480845,4,BreissSundara
T AO D,1.076436133,4,BreissSundara
T AO Z,-0.937420659,4,BreissSundara
T AW NG,-0.854182389,4,BreissSundara
T AY SH,-0.253950788,4,BreissSundara
T ER V,0.733696897,4,BreissSundara
T EY DH,-0.228805517,4,BreissSundara
T EY ZH,-0.585760638,4,BreissSundara
T IY V,0.346923411,4,BreissSundara
T OY D,0.476573688,4,BreissSundara
T OY K,0.598808503,4,BreissSundara
T OY Z,0.994890588,4,BreissSundara
T UH T,0.98368049,4,BreissSundara
T UW ZH,-0.996064758,4,BreissSundara
TH AA DH,-1.597800199,4,BreissSundara
TH AA NG,0.447193427,4,BreissSundara
TH AH B,0.989359681,4,BreissSundara
TH AH K,0.520087646,4,BreissSundara
TH AH P,-0.323466443,4,BreissSundara
TH AH T,0.595585057,4,BreissSundara
TH AH V,0.174892989,4,BreissSundara
TH EH P,-0.290273476,4,BreissSundara
TH EH V,0.284402962,4,BreissSundara
TH ER B,0.226732914,4,BreissSundara
TH ER N,1.332478809,4,BreissSundara
TH ER TH,0.058144983,4,BreissSundara
TH IH DH,-2.353345169,4,BreissSundara
TH IH F,0.10251343,4,BreissSundara
TH IH ZH,-1.362382353,4,BreissSundara
TH IY D,0.848457181,4,BreissSundara
TH IY JH,0.434636913,4,BreissSundara
TH IY P,0.791018418,4,BreissSundara
TH OW B,-0.196519118,4,BreissSundara
TH OW CH,-0.305481909,4,BreissSundara
TH OW F,-0.46269808,4,BreissSundara
TH OW HH,-0.215914405,4,BreissSundara
TH OW JH,0.047007563,4,BreissSundara
TH OW SH,-1.242262196,4,BreissSundara
TH UW V,-0.288691322,4,BreissSundara
TH UW Z,0.518859658,4,BreissSundara
V AA D,0.253698602,4,BreissSundara
V AA DH,-0.660678225,4,BreissSundara
V AA F,-0.623204762,4,BreissSundara
V AA G,-0.012050811,4,BreissSundara
V AE ZH,-0.36581697,4,BreissSundara
V AH B,0.246986307,4,BreissSundara
V AH CH,-0.394320472,4,BreissSundara
V AH JH,0.582542541,4,BreissSundara
V AH NG,-0.349596585,4,BreissSundara
V AH P,0.51323105,4,BreissSundara
V AO B,-0.381207877,4,BreissSundara
V AO D,-0.122840872,4,BreissSundara
V AO L,-0.002043799,4,BreissSundara
V AO M,-0.514731905,4,BreissSundara
V ER G,-0.187971731,4,BreissSundara
V ER L,0.310986641,4,BreissSundara
V EY M,0.672230282,4,BreissSundara
V EY T,-0.075127803,4,BreissSundara
V EY V,-0.559694763,4,BreissSundara
V IY M,0.825544624,4,BreissSundara
V IY P,1.216989363,4,BreissSundara
V IY V,0.681748161,4,BreissSundara
V IY Z,0.352240934,4,BreissSundara
V OW P,0.676924649,4,BreissSundara
W AA B,0.390297949,4,BreissSundara
W AA DH,-0.7058874,4,BreissSundara
W AA F,0.209104453,4,BreissSundara
W AA G,-0.114517687,4,BreissSundara
W AA V,0.43422054,4,BreissSundara
W AA Z,0.693638603,4,BreissSundara
W AE DH,-1.835413294,4,BreissSundara
W AE ZH,-1.571034753,4,BreissSundara
W AH CH,0.603123806,4,BreissSundara
W AH D,0.60999116,4,BreissSundara
W AO D,0.230679572,4,BreissSundara
W AO G,-0.676049451,4,BreissSundara
W AO M,-0.684001587,4,BreissSundara
W AO S,0.599949646,4,BreissSundara
W AW D,0.847622257,4,BreissSundara
W AY SH,0.292693764,4,BreissSundara
W AY V,1.130779547,4,BreissSundara
W EH CH,0.675064485,4,BreissSundara
W EH SH,0.796409171,4,BreissSundara
W EH TH,0.762211339,4,BreissSundara
W ER B,0.640880631,4,BreissSundara
W ER G,0.345882038,4,BreissSundara
W ER JH,0.433404289,4,BreissSundara
W EY P,0.317324962,4,BreissSundara
W IY CH,0.561868062,4,BreissSundara
W IY DH,0.629215244,4,BreissSundara
W IY M,0.725803352,4,BreissSundara
W OW B,-0.2627888,4,BreissSundara
W OW F,0.668199994,4,BreissSundara
W UW V,0.299713838,4,BreissSundara
Y AA CH,-0.4851878,4,BreissSundara
Y AA DH,-1.322110525,4,BreissSundara
Y AA TH,-1.303436816,4,BreissSundara
Y AE B,0.640357085,4,BreissSundara
Y AE Z,0.650736712,4,BreissSundara
Y AH B,-0.067638502,4,BreissSundara
Y AH K,1.583630307,4,BreissSundara
Y AH P,1.838953778,4,BreissSundara
Y AO M,0.098475143,4,BreissSundara
Y AO S,-0.295061697,4,BreissSundara
Y AO Z,-0.080801558,4,BreissSundara
Y EH F,0.310623972,4,BreissSundara
Y EH SH,0.617337986,4,BreissSundara
Y ER M,0.671380755,4,BreissSundara
Y ER P,1.035645785,4,BreissSundara
Y ER T,1.292291294,4,BreissSundara
Y EY G,-0.746412116,4,BreissSundara
Y IY G,-0.531491172,4,BreissSundara
Y IY JH,-1.024417034,4,BreissSundara
Y IY V,-0.832177684,4,BreissSundara
Y UH D,0.052049306,4,BreissSundara
Z AY D,0.272796527,4,BreissSundara
Z AY P,0.662745806,4,BreissSundara
Z EH B,0.632836398,4,BreissSundara
Z EY T,0.271174143,4,BreissSundara
Z IH DH,-0.809660661,4,BreissSundara
Z IH TH,0.513849208,4,BreissSundara
Z IH V,-0.6996712,4,BreissSundara
Z IH ZH,-3.364468773,4,BreissSundara
Z UH T,-0.510722503,4,BreissSundara
ZH AH R,-0.310331539,4,BreissSundara
ZH AW L,-0.838270891,4,BreissSundara
ZH AW R,-1.055834465,4,BreissSundara
ZH EY B,-1.681924989,4,BreissSundara
ZH EY D,-0.534529659,4,BreissSundara
ZH EY JH,-1.659015322,4,BreissSundara
ZH EY M,-0.837003898,4,BreissSundara
ZH EY S,-0.128604377,4,BreissSundara
ZH EY T,-2.835411516,4,BreissSundara
ZH EY V,-2.036629731,4,BreissSundara
ZH EY Z,-2.518079039,4,BreissSundara
ZH OW B,-0.914438885,4,BreissSundara
ZH OW F,-1.452495097,4,BreissSundara
ZH OW SH,-1.780680214,4,BreissSundara
ZH UH D,-1.538478479,4,BreissSundara
ZH UW B,-1.177457344,4,BreissSundara
